centre_code,centre_name,organisation_type,centre_contact_no,centre_email_address,centre_address,postal_code,centre_website,spark_certified,last_updated,latitude,longtitude,placeId
KG1589,3House Kindergarten (Tampines),Commercial,66047366,the3housekindergarten@hotmail.com,891 Tampines Avenue 8 #01-82 S(520891),520891,na,No,25/10/17,,,
KG1199,ACES Montessori Kidz Kindergarten,Commercial,65833013,na,Pasir Ris East Community CC 1 Pasir Ris Drive 4 #04-05 S(519457),519457,www.aceskidz.com,No,25/10/17,,,
KG1314,Agape Montessori House Kindergarten,Commercial,97879829,agape_montessori@yahoo.com.sg,11 Thomson Hills Drive S(574756),574756,na,No,25/10/17,,,
KG1230,Al - Amin Pre-School,Commercial,67860042,info@alamin.edu.sg,9 Tampines Street 32 #02-01 S(529287),529287,alamin.edu.sg,No,25/10/17,,,
KG1189,Al - Amin Preschool (Pasir Ris),Commercial,65832268,info@alamin.edu.sg,570 Pasir Ris Street 53 #01-64 S(510570),510570,alamin.edu.sg/ourschools/,No,25/10/17,,,
KG1173,Al - Ansar Mosque Kindergarten,NFP,64497280 | 64482420,lydiayanti@mujahidin.mosque.org.sg |,155 Bedok North Avenue 1 S(469751),469751,na,No,25/10/17,,,
KG1396,Al - Iman Mosque Kindergarten,NFP,67623103,lydiayanti@mujahidin.mosque.org.sg |,10 Bukit Panjang Ring Road S(679943),679943,na,No,25/10/17,,,
KG1195,Al - Istighfar Mosque Kindergarten,NFP,64267130,lydiayanti@mujahidin.mosque.org.sg |,2 Pasir Ris Walk S(518239),518239,na,No,25/10/17,,,
KG1286,Al - Istiqamah Mosque Kindergarten,NFP,62814287,lydiayanti@mujahidin.mosque.org.sg |,2 Serangoon North Avenue 2 S(555876),555876,na,No,25/10/17,,,
KG1416,Al - Khair Mosque Kindergarten,NFP,66310146,lydiayanti@mujahidin.mosque.org.sg |,1 Teck Whye Crescent S(688847),688847,na,No,25/10/17,,,
KG1337,Al - Mukminin Mosque Kindergarten,NFP,68999068 | 68999025,lydiayanti@mujahidin.mosque.org.sg |,271 Jurong East Street 21 S(609603),609603,na,No,25/10/17,,,
KG1303,Al - Muttaqin Mosque Kindergarten,NFP,65525464,lydiayanti@mujahidin.mosque.org.sg |,5140 Ang Mo Kio Avenue 6 S(569844),569844,na,No,25/10/17,,,
KG1359,Al-Nasry @ Jurong West Kindergarten,Commercial,63164220,alnasryjw@gmail.com,6 Admiralty Road S(739983),640743,www.alnasry.edu.sg,No,25/10/17,,,
KG1570,Al-Nasry @ Sengkang South,Commercial,63434305,na,552 Hougang Street 51 #B1-296 S(530552) #B1-1215 S(530541),530541,na,No,25/10/17,,,
KG1450,An - Nur Mosque Kindergarten,NFP,63631383,lydiayanti@mujahidin.mosque.org.sg |,6 Admiralty Road S(739983),739983,na,No,25/10/17,,,
KG1542,Ang Mo Kio Methodist Church Kindergarten,NFP,67056165,lydiayanti@mujahidin.mosque.org.sg |,1 Ang Mo Kio Street 21 S(569383),569383,na,No,25/10/17,,,
KG1382,Ar - Raudhah Mosque Kindergarten,NFP,68995840 | 63610806,lydiayanti@mujahidin.mosque.org.sg,30 Bukit Batok East Avenue 2 S(659919),659919,na,No,25/10/17,,,
KG1317,Arise Kindergarten,NFP,64622972,admin@arisekgn.org,2B Hindhede Road S(589240),589240,www.arisekgn.org,No,25/10/17,,,
KG1040,Artskidz Preschool,Commercial,64568003,hr@artskidz.com.sg,10 Raeburn Park S('088702),88702,artskidz.com.sg,No,25/10/17,,,
KG1343,Assyakirin Mosque Kindergarten,NFP,62681846,lydiayanti@mujahidin.mosque.org.sg |,550 Yung An Road S(618617),618617,na,No,25/10/17,,,
KG1518,Banyan Tree Education @ AMK PTE. LTD.,Commercial,66848876,kidslandnorthstar@gmail.com,Northstar@AMK 7030 Ang Mo Kio Ave 5 #01-45 S(569880),569880,banyantreeeducation.com.sg,No,25/10/17,,,
KG1080,Barker Road Methodist Church Kindergarten,NFP,62558430,principal@brmck.edu.sg,70 Barker Road #01-01 S(309936),309936,www.brmck.edu.sg,No,25/10/17,,,
KG1170,Bedok Lutheran Church Kindergarten,NFP,64431621,blck1982@yahoo.com,485 Bedok South Avenue 2 S(469315),469315,na,No,25/10/17,,,
KG1171,Bedok Methodist Church Kindergarten,NFP,64458048,bmck@bmc.org.sg,86 Bedok Road S(469371),469371,www.bmc.org.sg/kindergarten,Yes,25/10/17,,,
KG1255,Bethany Kindergarten,NFP,62871209,kindergarten@bethanyipc.sg,301 Upper Paya Lebar Road S(534934),534934,na,No,25/10/17,,,
KG1516,Bethel Kinderlites,NFP,67445860,admin@bethelcs.org.sg,114 Aljunied Avenue 2 #03-75 S(380114),380114,www.bethelcs.org.sg,No,25/10/17,,,
KG1304,Bethesda (Ang Mo Kio) Kindergarten,NFP,64536134,bethkindamk@gmail.com,601 Ang Mo Kio Ave 4 S(569898),569898,bethesdakindergarten.com,No,25/10/17,,,
KG1172,Bethesda (Bedok-Tampines) Kindergarten,NFP,66450740,kindyadmin@bbtk.com.sg | graceseah@bbtk.com.sg,300 Bedok North Avenue 3 S(469717),469717,www.bbtc.com.sg/kindergarten/,No,25/10/17,,,
KG1288,Bethesda (Bukit Arang) Kindergarten,NFP,62870812,bbakinder@bcba.com.sg,114 Serangoon Avenue 3 S(556110),556110,na,No,25/10/17,,,
KG1009,Bethesda (Depot Walk) Kindergarten,NFP,62764732,bethdwkind@gmail.com,10 Depot Walk S(109590),109590,bethesdadwkindergarten.com,No,25/10/17,,,
KG1154,Bethesda (Katong) Kindergarten,NFP,64422622,bkk@bfec.org.sg,2 La Salle Street S(456929),456929,www.bfec.org.sg,No,25/10/17,,,
KG1196,Bethesda (Pasir Ris) Kindergarten,NFP,65850346,bprk@bpmc.com.sg,11 Pasir Ris Drive 2 S(518458),518458,na,No,25/10/17,,,
KG1125,Bethesda Chapel Kindergarten,NFP,67494077,na,27 Lorong Melayu S(416913),416913,www.bck.sg,No,25/10/17,,,
KG1237,Bibinogs Preschool K.A.,Commercial,64665357,principal@bibinogs.com,559 Bukit Timah Road #B1-01 S(269695),269695,www.bibinogs.com,No,25/10/17,,,
KG1543,Blue House International School,Commercial,67340824,enquiries@bluehouseinternational.com | office@bluehouseinternational.com,2 Turf Club Road S(287988),287988,www.bluehouseinternational.com,No,25/10/17,,,
KG1485,Brain Buttons Kindergarten,Commercial,64819255,357brainbuttons@gmail.com,357 Yio Chu Kang Road S(805939),805939,www.brainbuttons.com,No,25/10/17,,,
KG1567,Brainy Bunch International Montessori,Commercial,62834490,info.sg@brainybunch.com | hougang@brainybunch.com,247 Hougang Avenue 3 #01-452 S(530247),530247,na,No,25/10/17,,,
KG1597,Brainy Bunch International Montessori (Pasir Ris),Commercial,63856744,info.sg@brainybunch.com | pasir.ris@brainybunch.com,273 Pasir Ris Street 21 #01-498 S(510273),510273,na,No,25/10/17,,,
KG1544,British Council (Singapore) Pre-school,Commercial,67839209,na,11 Tampines Concourse #01-02/03/04 S(528729),528729,www.britishcouncil.org.sg,No,25/10/17,,,
KG1393,Bukit Panjang Methodist Church Kindergarten,NFP,67607662,kinder@bpmck.org.sg,John Wesley Centre 496 Upper Bukit Timah Road S(678099),678099,na,No,25/10/17,,,
KG1012,Buttercups Kindergarten (Pasir Panjang),Commercial,67744900,buttercupspp@singnet.com.sg,Pasir Panjang Post Office 396 Pasir Panjang Road #02-01 S(118733),118733,www.buttercupsmontessori.com,No,25/10/17,,,
KG1488,Buttercups Kindergarten (Rochester),Commercial,66848980,buttercupsroc@singnet.com.sg,The Rochester 35 Rochester Drive #03-11 S(138639),138639,na,No,25/10/17,,,
KG1320,Buttercups Montessori Kindergarten,Commercial,64624838,bmonte@singnet.com.sg,68 Namly Place S(267214),267214,www.buttercupsmontessori.com,No,25/10/17,,,
KG1598,Callidus Preschool,Commercial,64552577,calliduspreschool@gmail.com,229 Bishan Street 23 #B1-53 S(570229),570229,calliduspreschool.sg,No,25/10/17,,,
KG1099,Calvary Baptist Kindergarten,NFP,62893900,cbk@calvary.org.sg,48 Wan Tho Avenue S(347592),347592,www.calvarybk.com/,No,25/10/17,,,
KG1335,Calvary Pandan Kindergarten,NFP,65603884,cpk@calvarypandan.sg,201 Pandan Gardens S(609337),609337,www.cpk.calvarypandan.sg,No,25/10/17,,,
KG1095,Canaan Church (SCCC) Kindergarten,NFP,62929335,kindergarten@mycanaan.org,84 St. Francis Road S(328069),328069,kindergarten.mycanaan.org/,No,25/10/17,,,
KG1324,Canossian Convent Kindergarten,NFP,64692201,cckg.generaloffice@gmail.com,100 Jalan Merbok S(598454),598454,canossian.org.sg,No,25/10/17,,,
KG1276,Catholic Kindergarten,NFP,62833821,catholickdg@gmail.com,15 Flower Road S(549404),549404,na,No,25/10/17,,,
KG1219,Cavenur Kindergarten,Commercial,67823437,info@cavenur.edu.sg,741 Tampines Street 72 #01-74 S(520741),520741,www.cavenur.edu.sg,No,25/10/17,,,
KG1577,Cedan Kindergarten,Commercial,63876648,enquiry@cedankindergarten.com.sg,198 Punggol Field #02-02 S(820198),820198,www.cedankindergarten.com.sg,No,25/10/17,,,
KG1369,Centre of New Life Kindergarten,NFP,67943671,kindergarten@cnl.org.sg,5 Jurong West Street 74 S(649151),649151,na,No,25/10/17,,,
KG1419,CGM Kindergarten,NFP,67627453,cgmadm172@gmail.com,172 Choa Chu Kang Avenue 1 S(689457),689457,na,No,25/10/17,,,
KG1183,Changi Baptist Church Kindergarten,NFP,65452060,cbck@changibaptist.org,1069 Upper Changi Road North S(507692),507692,www.changibaptist.org/#!kindergarten/c1uje,No,25/10/17,,,
KG1484,Chatsworth Preschool,Commercial,64815585,information.piccadilly@chatsworth.com.sg,1 Piccadilly Circus S(797640),797640,www.chatsworth.com.sg,No,25/10/17,,,
KG1501,Chatsworth Preschool (Bedok),Commercial,64489006,information.bedok@chatsworth.com.sg,Simpang Bedok Post Office 350 Bedok Road S(469538),469538,www.chatsworth.com.sg,No,25/10/17,,,
KG1115,Chen Li Kindergarten,NFP,63451802,grow@chenli.edu.sg,76 Guillemard Road S(399711),399711,chenli.edu.sg,No,25/10/17,,,
KG1590,Chengzhu Mandarin Kindergarten,Commercial,67375348,enquiries@chengzhu.net,The Rochester 35 Rochester Drive #03-01/02/03/04/05/27 S(138639),138639,www.chengzhu.edu.sg,No,25/10/17,,,
KG1067,Cherrybrook Kindergarten,Commercial,64686550,service@cherrybrook.edu.sg,82 Queen's Road S(266774),266774,www.cherrybrook.edu.sg,No,25/10/17,,,
KG1496,Children's Vineyard Kindergarten,Commercial,64408813,admin@childrensvineyard.com,91 Koon Seng Road S(427032),427032,childrensvineyard.com,No,25/10/17,,,
KG1039,Chinese Kindergarten,NFP,62219862,ckenquiry@gmail.com |,256 Outram Road S(169053),169053,na,No,25/10/17,,,
KG1418,Choa Chu Kang Bible Centre Kindergarten,NFP,67637502,cckbckin@singnet.com.sg,10 Choa Chu Kang Street 52 S(689284),689284,cckbck.sg,Yes,25/10/17,,,
KG1231,Church Of Holy Trinity Kindergarten,NFP,67874651,admin@holytrinitykindergarten.edu.sg,20 Tampines Street 11 S(529455),529455,www.holytrinitykindergarten.edu.sg,Yes,25/10/17,,,
KG1020,Clementi Woods Kindergarten LLP,Commercial,67750656,cwk152@singnet.com.sg,152 West Coast Road S(127370),127370,www.clementiwoodskindergarten.edu.sg,Yes,25/10/17,,,
KG1325,Creative Thinkers Kindergarten,Commercial,64620678,creativethinkers2004@gmail.com,110 Jalan Jurong Kechil #01-02/03/04 S(598606),598606,na,Yes,25/10/17,,,
KG1210,Creative Twinkles Preschool,Commercial,67890065,creativetwinklesllp@gmail.com,354 Tampines Street 33 #01-530 S(520354),520354,na,No,25/10/17,,,
KG1502,CS Montessori Kindergarten @ Serangoon,Commercial,66345611,nexadmin@cs-montessori.com.sg,Nex 23 Serangoon Central #04-77 S(556083),556083,www.cs-montessori.com.sg,No,25/10/17,,,
KG1579,CS Montessori Kindergarten @ Tiong Bahru,Commercial,63240208,ewadmin@cs-montessori.com.sg,36 Beo Crescent #01-31 S(160036),160036,www.cs-montessori.com.sg,No,25/10/17,,,
KG1029,Damien Centre Kindergarten,NFP,64737812,dckdgn@bsc.org.sg,1 Commonwealth Drive S(149603),149603,www.damiencentrekindergarten.webs.com,No,25/10/17,,,
KG1232,Darul Ghufran Mosque Kindergarten,NFP,67865545 ext:29,lydiayanti@mujahidin.mosque.org.sg |,503 Tampines Avenue 5 S(529651),529651,na,No,25/10/17,,,
KG1480,Darul Makmur Mosque Kindergarten,NFP,68528367,lydiayanti@mujahidin.mosque.org.sg |,950 Yishun Avenue 2 S(769099),769099,na,No,25/10/17,,,
KG1021,Darussalam Mosque Kindergarten,NFP,67770028,lydiayanti@mujahidin.mosque.org.sg |,3002 Commonwealth Avenue West S(129579),129579,na,No,25/10/17,,,
KG1493,Dayspring Kindergarten,Commercial,64897489,dayspring17@ymail.com,Marina Country Club 11 Northshore Drive S(828670),828670,http://www.dayspring.edu.sg,No,25/10/17,,,
KG1495,Dayspring Kindergarten @ Marina Country Club,Commercial,64894489,dayspring17@ymail.com,Marina Country Club 11 Northshore Drive #02-01 S(828670),828670,http://www.dayspring.edu.sg,No,25/10/17,,,
KG1528,Divinity Kindergarten,Commercial,67027559,divinity.esp@gmail.com,Oxley Bizhub 65 Ubi Road 1 #01-56 to 59 S(408729),408729,www.divinity.edu.sg,No,25/10/17,,,
KG1569,Dreamkids Kindergarten @ East Gate Pte Ltd,Commercial,63488078,na,Eastgate 46 East Coast Road #01-03 S(428766),428766,www.dreamkids.com.sg,No,25/10/17,,,
KG1137,Dynamic World Montessori Preschool,Commercial,64489575,dw_montessori@yahoo.com.sg,292 East Coast Road S(428951),428951,dw-montessori.com.sg,No,25/10/17,,,
KG1321,Early Years Montessori,Commercial,64691572,admin@earlyyears.edu.sg,16 Sunset Drive S(597475),597475,www.earlyyears.edu.sg,No,25/10/17,,,
KG1479,Edelweiss Kindergarten Sembawang Presbyterian Church,NFP,62575226,edelweiss.kindergarten@gmail.com,10B Jalan Jeruju S(768443),768443,na,Yes,25/10/17,,,
KG1096,Elim Kindergarten,NFP,62982204,elimkindie@yahoo.com.sg,1079 Serangoon Road S(328182),328182,www.elimchurch.org.sg/elim-kindergarten/,No,25/10/17,,,
KG1357,Elite Learning Kindergarten Pte Ltd,Commercial,67957798,elitelearningkindergarten@hotmail.com,720 Jurong West Avenue 5 #B1-94 S(640720),640720,na,No,25/10/17,,,
KG1256,En-Naeem Mosque Kindergarten,NFP,62853834,lydiayanti@mujahidin.mosque.org.sg |,120 Tampines Road S(535136),535136,na,No,25/10/17,,,
KG1602,Eshkol Valley @ Gospel Light,Commercial,65256082,eshkolvalley.sg@gmail.com,39 Punggol Field Walk #05-02 S(828753),828753,www.eshkolvalley.com.sg,No,25/10/17,,,
KG1143,Etonhouse International Research Preschool,Commercial,68463322,enquiry@etonhouse.com.sg,716 Mountbatten Road S(436736),436736,www.etonhouse.com.sg,No,25/10/17,,,
KG1448,Evangel Kindergarten,NFP,63653071,na,1 Woodlands Street 83 S(738488),738488,na,Yes,25/10/17,,,
KG1588,Evelyn's Schoolhouse,Commercial,63165658 | 83389202,contact@evelynschoolhouse.com,735 Jurong West St 75 #01-19 S(640735),640735,na,No,25/10/17,,,
KG1030,Faith Kindergarten,NFP,64795409,info@faithkindy.edu.sg,400 Commonwealth Drive S(149604),149604,www.faithkindy.edu.sg,Yes,25/10/17,,,
KG1076,Far Eastern Kindergarten,NFP,62513676,fek_edu@singnet.com.sg,9A Gilstead Road S(309063),309063,www.lifebpc.com/fekedu/,No,25/10/17,,,
KG1510,First Step Montessori House,Commercial,67557552,firststepmontessorihouse@gmail.com,716 Yishun Street 71 #01-268 S(760716),760716,www.firststep.com.sg,No,25/10/17,,,
KG1047,Foochow Methodist Church Kindergarten,NFP,62942516,fmc_kdg@foochowmc.org.sg,90 Race Course Road S(218577),218577,foochowmc.ednoland.com.sg,Yes,25/10/17,,,
KG1336,Galilee Kindergarten,NFP,65603514,kindergarten@galileebpchurch.org,202 Pandan Gardens S(609338),609338,www.galileebpchurch.org/kindergarten,Yes,25/10/17,,,
KG1322,Glory Kindergarten,NFP,64685535,gk@glorykindi.edu.sg,11 Pei Wah Avenue S(597611),597611,www.glorykindi.edu.sg,No,25/10/17,,,
KG1153,Good Shepherd Convent Kindergarten,NFP,62411802,principal@gsckg.edu.sg,25 Nallur Road S(456650),456650,www.gsckg.edu.sg,No,25/10/17,,,
KG1601,Grace House @ Tanglin,Commercial,62623585,weekee@raffleshouse.com,355 Tanglin Road S(247960),247960,www.gracehouse.com.sg,No,25/10/17,,,
KG1381,Grace House Kindergarten,Commercial,68998851,dorothysek@gracehouse.com.sg,1 Bukit Batok West Avenue 4 #04-01 S(659125),659125,www.gracehouse.com.sg,No,25/10/17,,,
KG1077,Gracefields Kindergarten,Commercial,63542822,gracefields.kindergarten@gmail.com,1 One Tree Hill S(248668),248668,na,No,25/10/17,,,
KG1073,GUG The Kindergarten,Commercial,62584722,director@gugifted.com,101 Thomson Road #01-20/27 S(307591),307591,www.gugifted.com,No,25/10/17,,,
KG1607,Han Junior,Commercial,66948380,chiangyy@hanlanguage.edu.sg,VIVA Business Park 750 Chai Chee Road #01-14/14A S(469000),469000,na,No,25/10/17,,,
KG1412,Hanis Montessori Kindergarten (Choa Chu Kang),Commercial,67665505,choa_chu_kang@ehanis.com.sg,707 Choa Chu Kang Street 53 #01-118 S(680707),680707,www.ehanis.com.sg,No,25/10/17,,,
KG1123,Hanis Montessori Kindergarten (Enterprise One),Commercial,64405505,enterprise_one@ehanis.com.sg,Enterprise One 1 Kakit Bukit Road #01-10 S(415934),415934,www.ehanis.com.sg,No,25/10/17,,,
KG1252,Hanis Montessori Kindergarten (Kovan),Commercial,64875505,Arina@ehanis.com.sg,777 Upper Serangoon Road #01-01 S(534645),534645,www.ehanis.com.sg,No,25/10/17,,,
KG1194,Hanis Montessori Kindergarten (Pasir Ris),Commercial,65825505,pasir_ris@ehanis.com.sg,775 Pasir Ris Street 71 #01-402 S(510775),510775,www.ehanis.com.sg,No,25/10/17,,,
KG1212,Hanis Montessori Kindergarten (Tampines),Commercial,67885505,tampines@ehanis.com.sg,374 Tampines Street 34 #01-42 S(520374),520374,www.ehanis.com.sg,No,25/10/17,,,
KG1427,Hanis Montessori Kindergarten (Woodlands),Commercial,63655505,woodlands@ehanis.com.sg,424 Woodlands Street 41 #01-340 S(730424),730424,www.ehanis.com.sg,No,25/10/17,,,
KG1334,Hasanah Mosque Kindergarten,NFP,65617990,lydiayanti@mujahidin.mosque.org.sg |,492 Teban Gardens Road S(608878),608878,na,No,25/10/17,,,
KG1139,Holy Family Kindergarten,NFP,64404344,alee_holyfampc@pacific.net.sg,6 Chapel Road S(429509),429509,na,No,25/10/17,,,
KG1168,Holy Grace Kindergarten,NFP,64483346,principal_hgk@holygrace.sg,408-B Upper East Coast Road S(466484),466484,na,No,25/10/17,,,
KG1420,Hope Community Kindergarten (Choa Chu Kang),NFP,67660643,na,21 Choa Chu Kang Avenue 2 S(689907),689907,na,No,25/10/17,,,
KG1460,Hope Community Kindergarten (Sembawang),NFP,65551298,hcksbw@yahoo.com.sg,55 Sembawang Drive S(757614),757614,na,No,25/10/17,,,
KG1228,Hope Community Kindergarten (Tampines),NFP,65440776,hopecommunitykind@hotmail.com,20 Tampines Street 43 S(529151),529151,na,No,25/10/17,,,
KG1417,Ichiban Nurtureland Kindergarten (Choa Chu Kang),Commercial,67658426,inpl_2003@yahoo.com.sg,31 Hong San Walk S(689022),689022,na,No,25/10/17,,,
KG1376,Iman Kindergarten (Bt. Batok),Commercial,65615466,iman@iman.edu.sg,277 Bukit Batok East Avenue 3 #02-373 S(650277),650277,www.iman.edu.sg,No,25/10/17,,,
KG1405,Iman Kindergarten (CCK),Commercial,64689402,imanchoachukang@gmail.com,530 Choa Chu Kang Street 51 #01-323 S(680530),680530,na,No,25/10/17,,,
KG1224,Iman Kindergarten (Tampines),Commercial,67884911,na,136 Tampines Street 11 #01-156 S(521136),521136,www.iman.edu.sg,No,25/10/17,,,
KG1122,Iman Kindergarten (Tenagaville),Commercial,63421332,iman.tenaga@gmail.com,651 Jalan Tenaga #01-04 S(410651),410651,iman@iman.edu.sg,No,25/10/17,,,
KG1478,Iman Kindergarten (Yishun),Commercial,67560041,imanyishun@gmail.com,934 Yishun Central 1 #01-57 S(760934),760934,iman.edu.sg,No,25/10/17,,,
KG1529,Iroha Kindergarten,Commercial,69085086,irohajeis@outlook.jp |,Block C 231 Mountbatten Road #01-01 S(397999),397999,na,No,25/10/17,,,
KG1114,Jamiyah Kindergarten,NFP,67431211,jk@jamiyah.org.sg,31 Lorong 12 Geylang Level 3 S(399006),399006,na,No,25/10/17,,,
KG1277,JENIUS Kindergarten,Commercial,62884791,totshse@singnet.com.sg,54 Da Silva Lane S(549783),549783,www.jeniustotshouse.com,No,25/10/17,,,
KG1245,Jenius Kindergarten (Hougang),Commercial,63855513,nadia@jeniustotshouse.com,915 Hougang Street 91 #01-10 S(530915),530915,www.jeniustotshouse.com,No,25/10/17,,,
KG1083,Jessin Kindergarten,Commercial,62584558,robin@jessin.edu.sg,85B Lorong 4 Toa Payoh #01-336 S(310085),310085,na,No,25/10/17,,,
KG1052,JHS Montessori Kindergarten,Commercial,68874876,admin@jhs-montessori.com.sg,Valley Point Tower 491B River Valley Road #02-01 S(248373),248373,www.jhs-montessori.com.sg,No,25/10/17,,,
KG1564,Josiah Montessori Kindergarten,Commercial,62601312,lena.lim@josiah.com.sg,5 Tampines Street 32 #02-01 S(529284),529284,www.josiah.com.sg,No,25/10/17,,,
KG1599,Joyhouse Montessori Preschool,Commercial,64555869 | 65540603,joyhouselearningcentre@gmail.com,231 Bishan Street 23 #B1-05 S(570231),570231,na,No,25/10/17,,,
KG1344,Jurong Calvary Kindergarten,NFP,62656193,jurongcalvary@jck.edu.sg,1 Tao Ching Road S(618720),618720,www.jurongcalvarykindergarten.com,No,25/10/17,,,
KG1345,Jurong Christian Church Kindergarten,NFP,62660539,jcckindy@singnet.com.sg,2 Tah Ching Road S(618744),618744,jcckindy.com,No,25/10/17,,,
KG1044,Kampong Kapor Methodist Church Kindergarten,NFP,62942633,kkmckindy@gmail.com,1 Kampong Kapor Road S(208673),208673,kkmckindy.org.sg,No,25/10/17,,,
KG1150,Kampung Siglap Mosque Kindergarten,NFP,62437060,lydiayanti@mujahidin.mosque.org.sg |,451 Marine Parade Road S(449283),449283,na,No,25/10/17,,,
KG1053,Kay Poh Road Baptist Kindergarten,NFP,62381201,kprbk@kprbc.org.sg,7 Kay Poh Road S(248963),248963,www.kprbc.org.sg,No,25/10/17,,,
KG1045,Khalsa Kindergarten,NFP,62973583,principal@khalsakindergarten.org.sg,1 Beatty Road S(209943),209943,www.singaporekhalsa.org.sg,No,25/10/17,,,
KG1511,Kids 'n' Kids School,Commercial,81802065,kckids03@hotmail.com,17 Jalan Saudara Ku S(457453),457453,na,No,25/10/17,,,
KG1462,Kidszone Kindergarten,Commercial,67520455,kidszone@singnet.com.sg,102 Yishun Avenue 5 #03-115 S(760102),760102,www.kidszone.com.sg,No,25/10/17,,,
KG1197,Kidz Meadow Kindergarten,Commercial,65833522,pasir_ris.ps@merculearning.com,102 Pasir Ris Road S(519108),519108,www.merculearning.com,No,25/10/17,,,
KG1098,Kim Keat Christian Church Kindergarten,NFP,62941665,kkcckindergarten@gmail.com,11 Beng Wan Road S(339843),339843,www.kkcc.sg,No,25/10/17,,,
KG1315,Kindergarten@An-Nahdhah,NFP,63543138,kindergarten@annahdhah.mosque.org.sg,9A Bishan Street 14 S(579786),579786,www.annahdhah.org,No,25/10/17,,,
KG1403,Kinderland Kindergarten (Choa Chu Kang),Commercial,67640010,booneng@kinderland.com.sg,475 Choa Chu Kang Avenue 3 #02-15 S(680475),680475,kinderland.com.sg,No,25/10/17,,,
KG1251,Kinderland Kindergarten (Serangoon),Commercial,62882979,keshgps@kinderland.com.sg,587 Upper Serangoon Road S(534564),534564,www.kinderland.com.sg,No,25/10/17,,,
KG1441,Kinderland Kindergarten (Woodlands),Commercial,67698166,keswck@kinderland.com.sg,Woodlands Civic Centre 900 South Woodlands Drive #05-10 S(730900),730900,www.kinderland.com.sg,No,25/10/17,,,
KG1487,Kinderland Kindergarten (Yio Chu Kang),Commercial,64832261,kesyckps@kinderland.com.sg,449 Yio Chu Kang Road S(805946),805946,kinderland.com.sg,No,25/10/17,,,
KG1131,Kits4Kids Kindergarten,Commercial,63458812,enquiry@kits4kids.org,107 Lorong L Telok Kurau S(425542),425542,www.kits4kids.org,No,25/10/17,,,
KG1568,Kizroo Kindergarten,Commercial,64667011,info-kiz@kizroo.com,The Grandstand 200 Turf Club Road #06-03 S(287994),287994,kizroo.com/kindergarten,No,25/10/17,,,
KG1049,Little Hands Montessori Kindergarten,Commercial,62355741,na,2A Paterson Hill S(238565),238565,na,No,25/10/17,,,
KG1463,Little Leader Kindergarten,Commercial,67522345,na,102 Yishun Avenue 5 #04-115 S(760102),760102,na,No,25/10/17,,,
KG1057,Little Oaks Montessori Kindergarten,Commercial,64633720,na,98 Farrer Road S(259226),259226,www.littleoaks.com.sg,No,25/10/17,,,
KG1506,Little Ones Kindergarten,Commercial,67631993,mail@littleones.com.sg,58 Holland Grove Drive S(278886),278886,na,No,25/10/17,,,
KG1050,Little Raindrops Montessori Pre-School,Commercial,67349629,littleraindrops@singnet.com.sg,2A Paterson Hill S(238565),238565,na,No,25/10/17,,,
KG1078,Little Woods Montessori Preschool,Commercial,62516317 | 62510817,admin@littlewoodsmontessori.com,45 Gentle Road S(309166),309166,www.littlewoodsmontessori.com,No,25/10/17,,,
KG1152,LittleSparks Montessori Kindergarten,Commercial,68760198,littlesparkskinder@yahoo.com.sg,Bowmont Centre 20 Siglap Drive #01-06 S(456192),456192,na,No,25/10/17,,,
KG1541,LittleSparks Montessori Kindergarten @ Kembangan,Commercial,64404770,littlesparkskbg@gmail.com,103 Jalan Kembangan S(419145),419145,littlesparks.com.sg,No,25/10/17,,,
KG1259,Living Sanctuary Kindergarten,Commercial,62833373,lskadmin@lsbc.org.sg,Bethesda Ground 2 Hougang Street 22 S(538728),538728,www.lsbc.org.sg,Yes,25/10/17,,,
KG1101,Lumiere Montessori House,Commercial,62839290,serene@lumiere.edu.sg,64 Wolskel Road S(357971),357971,www.lumiere.edu.sg,No,25/10/17,,,
KG1109,Magdalene's Kindergarten,NFP,67476554 | 67475122,magkg@singnet.com.sg,1 Sallim Road S(387621),387621,na,No,25/10/17,,,
KG1215,Mahad Al - Nasry Kindergarten,Commercial,67874724,alnasrytp@gmail.com,476 Tampines Street 44 #01-179 S(520476),520476,na,No,25/10/17,,,
KG1274,Mahad Al-Nasry @ Sengkang kindergarten,Commercial,64896764,mahadnasry@gmail.com,415 Punggol Road S(546646),546646,www.al-nasrykindergarten.com,No,25/10/17,,,
KG1056,Maris Stella Kindergarten,NFP,64743590,marisstellakg@yahoo.com.sg,49B Holland Road S(258851),258851,na,No,25/10/17,,,
KG1070,Marymount Kindergarten,NFP,62515049,principal@mkg.edu.sg | admin@mkg.edu.sg,9 Toa Payoh Lorong 8 S(319253),319253,www.mkg.edu.sg,No,25/10/17,,,
KG1400,Metamorphosis Kindergarten,Commercial,67696902,metamorphosis0407@yahoo.com.sg,309 Choa Chu Kang Avenue 4 #04-07 S(680309),680309,na,No,25/10/17,,,
KG1415,Methodist Church Of The Incarnation (MCI) Kindergarten,NFP,67630621,mcik@mci.org.sg,31 Teck Whye Lane S(688798),688798,mci.org.sg,Yes,25/10/17,,,
KG1145,MFC Kindergarten (Broadrick Road),Commercial,63450087,broadrick@montessori.edu.sg,11 Broadrick Road S(439476),439476,www.montessori.edu.sg,No,25/10/17,,,
KG1074,MFC Kindergarten (Newton),Commercial,62563952,newton@montessori.edu.sg,43 Newton Road S(307970),307970,www.montessori.edu.sg,Yes,25/10/17,,,
KG1155,Modern Montessori Kindergarten,Commercial,62440321,na,12 Kee Sun Avenue S(457037),457037,www.modernmontessori.intl.com,Yes,25/10/17,,,
KG1258,Monte Kidz World (Hougang),Commercial,63861293,centremanager_hougang@montekidz.com.sg,21 Hougang Street 51 #02-14 S(538719),538719,www.montekidz.com.sg,No,25/10/17,,,
KG1190,Monte Kidz World (Pasir Ris),Commercial,65853326,principal@montekidz.com.sg,625 Elias Road #02-330 S(510625),510625,www.montekidz.com.sg,No,25/10/17,,,
KG1065,Montessori Children's House Kindergarten,Commercial,64688372,montessorich@gmail.com,886 Old Holland Road S(278685),278685,www.montessorich.com.sg,No,25/10/17,,,
KG1609,Mosaic Kindergarten,Commercial,69090470,mosaic@mkg.sg,Sime Darby Centre 896 Dunearn Road #01-01B S(589472),589472,na,No,25/10/17,,,
KG1527,MRC Kindergarten (Serangoon North),Commercial,65557823,na,542B Serangoon North Avenue 3 #01-03 S(552542),552542,na,No,25/10/17,,,
KG1525,MRC Kindergarten (Yishun South),Commercial,61002313,na,848 Yishun Street 81 #01-150 S(760848),760848,na,No,25/10/17,,,
KG1127,Muhammadiyah Kindergarten,NFP,64424758,kindergarten@muhammadiyah.org.sg,66 Jalan Lapang S(419006),419006,na,No,25/10/17,,,
KG1026,Mujahidin Mosque Kindergarten,NFP,64737400,lydiayanti@mujahidin.mosque.org.sg |,590 Stirling Road S(148952),148952,na,No,25/10/17,,,
KG1549,My Montessori Preschool @ Bullion,Commercial,65521235,mymonte2013@gmail.com,Bullion Park 172 Lentor Loop #02-01 S(789100),789100,na,No,25/10/17,,,
KG1546,My Prep School,Commercial,64435428,nooranisaad@yahoo.com.sg,Mandarin Gardens Condominium 9 Siglap Road S(448910),448910,na,No,25/10/17,,,
KG1138,NAFA Arts Kindergarten,Commercial,63469511,artskinder@nafa.edu.sg,511 East Coast Road S(429064),429064,www.nafa-intl.com,No,25/10/17,,,
KG1547,NAFA Arts Kindergarten (Derbyshire),Commercial,65130273,artskinder2@nafa.edu.sg,2 Derbyshire Road S(309458),309458,www.nafa-intl.com,No,25/10/17,,,
KG1008,Nanyang Children School,Commercial,62745528,nanyangchildrenskool@yahoo.com.sg,78B Telok Blangah Street 32 #02-17 S(102078),102078,na,No,25/10/17,,,
KG1061,Nanyang Kindergarten,NFP,64663375,nykadmin@nanyangkindergarten.com,118 King's Road S(268155),268155,na,No,25/10/17,,,
KG1586,Nanyang Kindergarten,NFP,64632771,nykadmin@nanyangkindergarten.com,51 Coronation Road S(269460),269460,na,No,25/10/17,,,
KG1260,Nativity Church Kindergarten,NFP,64876757,nckdgn@singnet.com.sg,98 Hougang Avenue 8 S(538791),538791,na,No,25/10/17,,,
KG1449,New Life Kindergarten,NFP,63689567,nlkindergarten@gmail.com,10 Marsiling Lane S(739147),739147,na,No,25/10/17,,,
KG1075,Newton Kindergarten,NFP,62515586,newtonkindergarten@gmail.com,16 Newton Road S(307995),307995,www.newtonkindergarten.com,Yes,25/10/17,,,
KG1486,P & J Kindergarten,Commercial,64812549 | 64536912,pnjmontessori@yahoo.com.sg,35 Windsor Park Road Windsor Park S(574141),574141,na,No,25/10/17,,,
KG1182,Paper Scissors Stone Montessori Kindergarten,Commercial,65468809,simei@pssmk.com,30 Jalan Pergam S(488306),488306,na,No,25/10/17,,,
KG1562,Paper Scissors Stone Montessori Kindergarten (Bedok Reservoir Branch),Commercial,62424718,enquiry@pssmk.com | bedok@pssmk.com,718 Bedok Reservoir Road #01-4590 S(470718),470718,www.pssmk.com,No,25/10/17,,,
KG1013,Pasir Panjang Hill Church Kindergarten,NFP,64742183,principal_pphck@pphbc.org,3 Pasir Panjang Hill S(118827),118827,www.pphbc.org/our-kindergarten,No,25/10/17,,,
KG1278,Paya Lebar Methodist Church Covenant Kindergarten,NFP,62853730,kindergarten@plmc.org,5 Boundary Road S(549954),549954,www.plmc.org/care-help/kindergarten,No,25/10/17,,,
KG1428,PCF SPARKLETOTS PRESCHOOL @ ADMIRALTY Blk 501 (KN),AOP,63146161,na,501 Woodlands Drive 14 #01-52 S(730501),730501,www.pcf.org.sg,Yes,25/10/17,,,
KG1430,PCF SPARKLETOTS PRESCHOOL @ ADMIRALTY Blk 581 (KN),AOP,63146160,na,581 Woodlands Drive 16 #01-486 S(730581),730581,www.pcf.org.sg,No,25/10/17,,,
KG1446,PCF SPARKLETOTS PRESCHOOL @ ADMIRALTY Blk 687B (KN),AOP,63146162,na,687B Woodlands Drive 75 #01-47 S(732687),732687,www.pcf.org.sg,Yes,25/10/17,,,
KG1243,PCF SPARKLETOTS PRESCHOOL @ ANG MO KIO-HOUGANG Blk 632 (KN),AOP,62826567,na,632 Hougang Avenue 8 #01-28 S(530632),530632,www.pcf.org.sg,Yes,25/10/17,,,
KG1246,PCF SPARKLETOTS PRESCHOOL @ ANG MO KIO-HOUGANG Blk 929 (KN),AOP,63869876,na,929 Hougang Street 91 #01-127 S(530929),530929,www.pcf.org.sg,Yes,25/10/17,,,
KG1248,PCF SPARKLETOTS PRESCHOOL @ ANG MO KIO-HOUGANG Blk 970 (KN),AOP,63840064,na,970 Hougang Street 91 #01-152 S(530970),530970,www.pcf.org.sg,Yes,25/10/17,,,
KG1327,PCF SPARKLETOTS PRESCHOOL @ AYER RAJAH Blk 48 (KN),AOP,65698256,na,48 Teban Gardens Road #01-248 S(600048),600048,www.pcf.org.sg,Yes,25/10/17,,,
KG1167,PCF SPARKLETOTS PRESCHOOL @ BEDOK Blk 30 (KN),AOP,64423628,na,30 New Upper Changi Road #01-812 S(461030),461030,www.pcf.org.sg,Yes,25/10/17,,,
KG1239,PCF SPARKLETOTS PRESCHOOL @ BEDOK RESERVOIR-PUNGGOL Blk 414 (DS),AOP,63868507,na,414 Hougang Avenue 10 #01-1256 S(530414),530414,www.pcf.org.sg,Yes,25/10/17,,,
KG1594,PCF SPARKLETOTS PRESCHOOL @ BEDOK RESERVOIR-PUNGGOL Blk 475C (DS),AOP,63855687,na,475C Upper Serangoon Crescent #01-547 S(533475),533475,www.pcf.org.sg,No,25/10/17,,,
KG1178,PCF SPARKLETOTS PRESCHOOL @ BEDOK RESERVOIR-PUNGGOL Blk 713 (KN),AOP,64428657,pcf_brp_713@yahoo.com,713 Bedok Reservoir Road #01-3960 S(470713),470713,www.pcf.org.sg,Yes,25/10/17,,,
KG1305,PCF SPARKLETOTS PRESCHOOL @ BISHAN EAST-THOMSON Blk 144 (KN),AOP,63533269,na,144 Bishan Street 12 #01-554 S(570144),570144,www.pcf.org.sg,Yes,25/10/17,,,
KG1307,PCF SPARKLETOTS PRESCHOOL @ BISHAN EAST-THOMSON Blk 197 (KN),AOP,62590542,na,197 Bishan Street 13 #01-567 S(570197),570197,www.pcf.org.sg,Yes,25/10/17,,,
KG1311,PCF SPARKLETOTS PRESCHOOL @ BISHAN EAST-THOMSON Blk 313 (KN),AOP,63562647,313pcfthom@gmail.com,313 Shunfu Road #01-287 S(570313),570313,www.pcf.org.sg,Yes,25/10/17,,,
KG1309,PCF SPARKLETOTS PRESCHOOL @ BISHAN NORTH Blk 231 (KN),AOP,64549608,na,231 Bishan Street 23 #01-21 S(570231),570231,www.pcf.org.sg,Yes,25/10/17,,,
KG1312,PCF SPARKLETOTS PRESCHOOL @ BISHAN NORTH Blk 441 (KN),AOP,64520587,na,441 Sin Ming Avenue #01-417 S(570441),570441,www.pcf.org.sg,No,25/10/17,,,
KG1347,PCF SPARKLETOTS PRESCHOOL @ BOON LAY Blk 207 (KN),AOP,62616085,na,207 Boon Lay Place #01-215 S(640207),640207,www.pcf.org.sg,Yes,25/10/17,,,
KG1348,PCF SPARKLETOTS PRESCHOOL @ BOON LAY Blk 262 (KN),AOP,67932565,na,262 Boon Lay Drive #01-573 S(640262),640262,www.pcf.org.sg,Yes,25/10/17,,,
KG1354,PCF SPARKLETOTS PRESCHOOL @ BOON LAY Blk 631 (KN),AOP,67900411,na,631 Jurong West Street 65 #01-260 S(640631),640631,www.pcf.org.sg,Yes,25/10/17,,,
KG1282,PCF SPARKLETOTS PRESCHOOL @ BRADDELL HEIGHTS Blk 307 (KN),AOP,62857090,na,307 Serangoon Avenue 2 #01-44 S(550307),550307,www.pcf.org.sg,No,25/10/17,,,
KG1249,PCF SPARKLETOTS PRESCHOOL @ BRADDELL HEIGHTS Blk 417 (KN),AOP,62845761,na,417 Serangoon Central #01-456 S(550417),550417,www.pcf.org.sg,No,25/10/17,,,
KG1372,PCF SPARKLETOTS PRESCHOOL @ BUKIT BATOK Blk 148 (KN),AOP,65614656,na,148 Bukit Batok West Avenue 6 #01-319 S(650148),650148,www.pcf.org.sg,Yes,25/10/17,,,
KG1373,PCF SPARKLETOTS PRESCHOOL @ BUKIT BATOK Blk 180 (KN),AOP,65696717,na,180 Bukit Batok West Avenue 8 #01-181 S(650180),650180,www.pcf.org.sg,Yes,25/10/17,,,
KG1374,PCF SPARKLETOTS PRESCHOOL @ BUKIT BATOK EAST Blk 241 (KN),AOP,64254653,na,241 Bukit Batok East Avenue 5 #01-261 S(650241),650241,www.pcf.org.sg,Yes,25/10/17,,,
KG1333,PCF SPARKLETOTS PRESCHOOL @ BUKIT BATOK EAST Blk 285C (KN),AOP,65659218,na,285C Toh Guan Road #01-92 S(603285),603285,www.pcf.org.sg,Yes,25/10/17,,,
KG1377,PCF SPARKLETOTS PRESCHOOL @ BUKIT BATOK EAST Blk 289G (KN),AOP,65667605,na,289G Bukit Batok Street 25 #01-94 S(656289),656289,www.pcf.org.sg,Yes,25/10/17,,,
KG1380,PCF SPARKLETOTS PRESCHOOL @ BUKIT GOMBAK Blk 535 (DS),AOP,65618108,na,535 Bukit Batok Street 52 #01-631 S(650535),650535,www.pcf.org.sg,Yes,25/10/17,,,
KG1383,PCF SPARKLETOTS PRESCHOOL @ BUKIT PANJANG Blk 111 (KN),AOP,67644828,na,111 Gangsa Road #01-75 S(670111),670111,www.pcf.org.sg,Yes,25/10/17,,,
KG1384,PCF SPARKLETOTS PRESCHOOL @ BUKIT PANJANG Blk 226 (KN),AOP,67691888,na,226 Pending Road #01-179 S(670226),670226,www.pcf.org.sg,Yes,25/10/17,,,
KG1388,PCF SPARKLETOTS PRESCHOOL @ BUKIT PANJANG Blk 422 (KN),AOP,68921269,na,422 Fajar Road #01-511 S(670422),670422,www.pcf.org.sg,Yes,25/10/17,,,
KG1608,PCF SPARKLETOTS PRESCHOOL @ BUKIT TIMAH BLK 312B (DS),AOP,na,Koh.shu.hui.kelin@pcf.org.sg,312B Clementi Avenue 4 #01-181 122312,122312,na,No,25/10/17,,,
KG1015,PCF SPARKLETOTS PRESCHOOL @ BUKIT TIMAH Blk 319 (KN),AOP,67770864,na,319 Clementi Avenue 4 #01-55 S(120319),120319,www.pcf.org.sg,Yes,25/10/17,,,
KG1063,PCF SPARKLETOTS PRESCHOOL @ BUONA VISTA Blk 4 (DS),AOP,67766927,Buona.Vista@pcf.org.sg,4 Holland Close #01-19 S(271004),271004,www.pcf.org.sg,Yes,25/10/17,,,
KG1023,PCF SPARKLETOTS PRESCHOOL @ BUONA VISTA Blk 54 (DS),AOP,63344918,pcfqueenstown@ymail.com,54 Commonwealth Drive #01-564 S(142054),142054,www.pcf.org.sg,Yes,25/10/17,,,
KG1453,PCF SPARKLETOTS PRESCHOOL @ CANBERRA Blk 330 (DS),AOP,62570112,na,330 Sembawang Close #01-383 S(750330),750330,www.pcf.org.sg,No,25/10/17,,,
KG1458,PCF SPARKLETOTS PRESCHOOL @ CANBERRA Blk 468D (KN),AOP,67554113,na,468D Admiralty Drive #01-223 S(754468),754468,www.pcf.org.sg,Yes,25/10/17,,,
KG1456,PCF SPARKLETOTS PRESCHOOL @ CANBERRA Blk 487 (KN),AOP,65700224,na,487 Admiralty Link #01-131 S(750487),750487,www.pcf.org.sg,Yes,25/10/17,,,
KG1390,PCF SPARKLETOTS PRESCHOOL @ CASHEW Blk 545 (KN),AOP,67646220,na,545 Bukit Panjang Ring Road #01-871 S(670545),670545,www.pcf.org.sg,Yes,25/10/17,,,
KG1201,PCF SPARKLETOTS PRESCHOOL @ CHANGI-SIMEI Blk 119 (KN),AOP,67877690,na,119 Simei Street 1 #01-506 S(520119),520119,www.pcf.org.sg,Yes,25/10/17,,,
KG1202,PCF SPARKLETOTS PRESCHOOL @ CHANGI-SIMEI Blk 131 (KN),AOP,67825618,na,131 Simei Street 1 #01-208 S(520131),520131,www.pcf.org.sg,Yes,25/10/17,,,
KG1296,PCF SPARKLETOTS PRESCHOOL @ CHENG SAN-SELETAR Blk 435 (KN),AOP,64521298,na,435 Ang Mo Kio Avenue 10 #01-1393 S(560435),560435,www.pcf.org.sg,Yes,25/10/17,,,
KG1299,PCF SPARKLETOTS PRESCHOOL @ CHENG SAN-SELETAR Blk 533 (KN),AOP,64589560,na,533 Ang Mo Kio Avenue 5 #01-4100 S(560533),560533,www.pcf.org.sg,Yes,25/10/17,,,
KG1464,PCF SPARKLETOTS PRESCHOOL @ CHONG PANG Blk 107 (KN),AOP,67597047,na,107 Yishun Ring Road #01-207 S(760107),760107,www.pcf.org.sg,Yes,25/10/17,,,
KG1465,PCF SPARKLETOTS PRESCHOOL @ CHONG PANG Blk 122 (KN),AOP,67550324,littlegems122@gmail.com,122 Yishun Street 11 #01-479 S(760122),760122,www.pcf.org.sg,Yes,25/10/17,,,
KG1397,PCF SPARKLETOTS PRESCHOOL @ CHUA CHU KANG Blk 10 (KN),AOP,67605783,na,10 Teck Whye Avenue #01-59 S(680010),680010,www.pcf.org.sg,Yes,25/10/17,,,
KG1398,PCF SPARKLETOTS PRESCHOOL @ CHUA CHU KANG Blk 123 (KN),AOP,67653630,na,123 Teck Whye Lane #01-864 S(680123),680123,www.pcf.org.sg,No,25/10/17,,,
KG1016,PCF SPARKLETOTS PRESCHOOL @ CLEMENTI Blk 330 (DS),AOP,67731958,na,330 Clementi Avenue 2 #01-170 S(120330),120330,www.pcf.org.sg,Yes,25/10/17,,,
KG1017,PCF SPARKLETOTS PRESCHOOL @ CLEMENTI Blk 462A (KN),AOP,67793135,na,462A Clementi Avenue 3 #01-01 S(120462),120462,www.pcf.org.sg,Yes,25/10/17,,,
KG1174,PCF SPARKLETOTS PRESCHOOL @ EUNOS Blk 122 (KN),AOP,67438207,na,122 Bedok Reservoir Road #01-1025 S(470122),470122,www.pcf.org.sg,Yes,25/10/17,,,
KG1176,PCF SPARKLETOTS PRESCHOOL @ EUNOS Blk 616 (KN),AOP,62420636,pcfeunos616@gmail.com,616 Bedok Reservoir Road #01-1106 S(470616),470616,www.pcf.org.sg,Yes,25/10/17,,,
KG1160,PCF SPARKLETOTS PRESCHOOL @ FENGSHAN Blk 126 (KN),AOP,62430031,fspcf126@gmail.com,126 Bedok North Street 2 #01-88 S(460126),460126,www.pcf.org.sg,Yes,25/10/17,,,
KG1451,PCF SPARKLETOTS PRESCHOOL @ GAMBAS Blk 309 (KN),AOP,64820633,na,309 Canberra Road #01-109 S(750309),750309,www.pcf.org.sg,Yes,25/10/17,,,
KG1452,PCF SPARKLETOTS PRESCHOOL @ GAMBAS Blk 317 (KN),AOP,67532472,na,317 Sembawang Vista #01-211 S(750317),750317,www.pcf.org.sg,Yes,25/10/17,,,
KG1471,PCF SPARKLETOTS PRESCHOOL @ GAMBAS Blk 408 (KN),AOP,67537449,na,408 Yishun Avenue 6 #01-1264 S(760408),760408,www.pcf.org.sg,Yes,25/10/17,,,
KG1116,PCF SPARKLETOTS PRESCHOOL @ GEYLANG SERAI Blk 11 (KN),AOP,67457469,na,11 Eunos Cresent #01-2737 S(400011),400011,www.pcf.org.sg,Yes,25/10/17,,,
KG1103,PCF SPARKLETOTS PRESCHOOL @ GEYLANG SERAI Blk 14 (KN),AOP,62827433,na,14 Joo Seng Road #01-103 S(360014),360014,www.pcf.org.sg,Yes,25/10/17,,,
KG1034,PCF SPARKLETOTS PRESCHOOL @ HENDERSON-DAWSON Blk 124A (KN),AOP,62734513,na,124A Bukit Merah View #01-406 S(151124),151124,www.pcf.org.sg,Yes,25/10/17,,,
KG1368,PCF SPARKLETOTS PRESCHOOL @ HONG KAH NORTH Blk 276D (KN),AOP,62679003,na,276D Jurong West Street 25 #01-11 S(644276),644276,www.pcf.org.sg,Yes,25/10/17,,,
KG1378,PCF SPARKLETOTS PRESCHOOL @ HONG KAH NORTH Blk 319 (KN),AOP,65694373,na,319 Bukit Batok Street 33 #01-40 S(650319),650319,www.pcf.org.sg,Yes,25/10/17,,,
KG1379,PCF SPARKLETOTS PRESCHOOL @ HONG KAH NORTH Blk 338 (KN),AOP,65696601,na,338 Bukit Batok Street 34 #01-338 S(650338),650338,www.pcf.org.sg,Yes,25/10/17,,,
KG1360,PCF SPARKLETOTS PRESCHOOL @ HONG KAH NORTH Blk 750 (KN),AOP,67944957,na,750 Jurong West Street 73 #01-169 S(640750),640750,www.pcf.org.sg,Yes,25/10/17,,,
KG1238,PCF SPARKLETOTS PRESCHOOL @ HOUGANG Blk 328 (DS),AOP,62825856,na,328 Hougang Avenue 5 #01-196 S(530328),530328,www.pcf.org.sg,Yes,25/10/17,,,
KG1283,PCF SPARKLETOTS PRESCHOOL @ JALAN KAYU Blk 518 (KN),AOP,64830353,na,518 Serangoon North Avenue 4 #01-218 S(550518),550518,www.pcf.org.sg,Yes,25/10/17,,,
KG1300,PCF SPARKLETOTS PRESCHOOL @ JALAN KAYU Blk 556 (KN),AOP,64569714,na,556 Ang Mo Kio Avenue 10 #01-1902 S(560556),560556,www.pcf.org.sg,No,25/10/17,,,
KG1526,PCF SPARKLETOTS PRESCHOOL @ JALAN KAYU Blk 987C (DS),AOP,66363655,na,987C Buangkok Green #01-57 S(532987),532987,www.pcf.org.sg,No,25/10/17,,,
KG1132,PCF SPARKLETOTS PRESCHOOL @ JOO CHIAT Blk 15 (KN),AOP,63460121,na,15 Lorong K Telok Kurau S(425611),425611,www.pcf.org.sg,No,25/10/17,,,
KG1351,PCF SPARKLETOTS PRESCHOOL @ JURONG CENTRAL Blk 490 (KN),AOP,65691448,na,490 Jurong West Avenue 1 #01-01 S(640490),640490,www.pcf.org.sg,Yes,25/10/17,,,
KG1350,PCF SPARKLETOTS PRESCHOOL @ JURONG SPRING Blk 465 (KN),AOP,65612603,na,465 Jurong West Street 41 #01-536 S(640465),640465,www.pcf.org.sg,Yes,25/10/17,,,
KG1352,PCF SPARKLETOTS PRESCHOOL @ JURONG SPRING Blk 515 (KN),AOP,65656500,na,515 Jurong West Street 52 #01-17 S(640515),640515,www.pcf.org.sg,No,25/10/17,,,
KG1353,PCF SPARKLETOTS PRESCHOOL @ JURONG SPRING Blk 527 (KN),AOP,65658895,na,527 Jurong West St 52 #01-301 S(640527),640527,www.pcf.org.sg,Yes,25/10/17,,,
KG1165,PCF SPARKLETOTS PRESCHOOL @ KAKI BUKIT Blk 519 (KN),AOP,64495242,na,519 Bedok North Avenue 1 #01-372 S(460519),460519,www.pcf.org.sg,Yes,25/10/17,,,
KG1166,PCF SPARKLETOTS PRESCHOOL @ KAKI BUKIT Blk 526 (KN),AOP,64491447,admkbkn526@gmail.com,526 Bedok North Street 3 #01-462 S(460526),460526,www.pcf.org.sg,Yes,25/10/17,,,
KG1161,PCF SPARKLETOTS PRESCHOOL @ KAMPONG CHAI CHEE Blk 135 (KN),AOP,64422983,na,135 Bedok North Street 2 #01-137 S(460135),460135,www.pcf.org.sg,Yes,25/10/17,,,
KG1164,PCF SPARKLETOTS PRESCHOOL @ KAMPONG CHAI CHEE Blk 409 (KN),AOP,64490203,na,409 Bedok North Avenue 2 #01-26 S(460409),460409,www.pcf.org.sg,Yes,25/10/17,,,
KG1180,PCF SPARKLETOTS PRESCHOOL @ KAMPONG CHAI CHEE Blk 775 (KN),AOP,62452192,pcfkcc775@gmail.com,775 Bedok Reservoir View #01-333 S(470775),470775,www.pcf.org.sg,Yes,25/10/17,,,
KG1042,PCF SPARKLETOTS PRESCHOOL @ KAMPONG GLAM Blk 462 (KN),AOP,62984206,kampong.glam@pcf.org.sg,462 Crawford Lane #03-33 S(190462),190462,www.pcf.org.sg,Yes,25/10/17,,,
KG1399,PCF SPARKLETOTS PRESCHOOL @ KEAT HONG Blk 295 (KN),AOP,67629925,na,295 Choa Chu Kang Avenue 2 #01-169 S(680295),680295,www.pcf.org.sg,Yes,25/10/17,,,
KG1401,PCF SPARKLETOTS PRESCHOOL @ KEAT HONG Blk 411 (KN),AOP,67692092,na,411 Choa Chu Kang Avenue 3 #01-359 S(680411),680411,www.pcf.org.sg,Yes,25/10/17,,,
KG1606,PCF SPARKLETOTS PRESCHOOL @ KEAT HONG Blk 801 (DS),AOP,68910214,na,801 Keat Hong Close #01-01 S(680801),680801,www.pcf.org.sg,No,25/10/17,,,
KG1120,PCF SPARKLETOTS PRESCHOOL @ KEMBANGAN CHAI CHEE Blk 116 (DS),AOP,67419943,na,116 Lengkong Tiga #01-187 S(410116),410116,www.pcf.org.sg,Yes,25/10/17,,,
KG1118,PCF SPARKLETOTS PRESCHOOL @ KEMBANGAN CHAI CHEE Blk 326 (KN),AOP,67453298,na,326 Ubi Avenue 1 #01-675 S(400326),400326,www.pcf.org.sg,Yes,25/10/17,,,
KG1158,PCF SPARKLETOTS PRESCHOOL @ KEMBANGAN CHAI CHEE Blk 59 (KN),AOP,64490383,na,59 Chai Chee Road #01-878 S(460059),460059,www.pcf.org.sg,Yes,25/10/17,,,
KG1106,PCF SPARKLETOTS PRESCHOOL @ KOLAM AYER Blk 12 (KN),AOP,67487447,na,12 Upper Boon Keng Road #01-895 S(380012),380012,www.pcf.org.sg,Yes,25/10/17,,,
KG1107,PCF SPARKLETOTS PRESCHOOL @ KOLAM AYER Blk 64 (KN),AOP,63922558,na,64 Kallang Bahru #01-375 S(330064),330064,www.pcf.org.sg,No,25/10/17,,,
KG1036,PCF SPARKLETOTS PRESCHOOL @ KRETA AYER-KIM SENG Blk 79 (KN),AOP,62782025,na,79 Indus Road #01-435 S(161079),161079,www.pcf.org.sg,Yes,25/10/17,,,
KG1406,PCF SPARKLETOTS PRESCHOOL @ LIMBANG Blk 543 (KN),AOP,67663379,na,543 Choa Chu Kang Street 52 #01-70 S(680543),680543,www.pcf.org.sg,Yes,25/10/17,,,
KG1413,PCF SPARKLETOTS PRESCHOOL @ LIMBANG Blk 786 (KN),AOP,67665694,na,786 Choa Chu Kang Drive #01-237 S(680786),680786,www.pcf.org.sg,Yes,25/10/17,,,
KG1108,PCF SPARKLETOTS PRESCHOOL @ MACPHERSON Blk 108 (KN),AOP,68426979,na,108 Aljunied Cres #01-36 S(380108),380108,www.pcf.org.sg,Yes,25/10/17,,,
KG1104,PCF SPARKLETOTS PRESCHOOL @ MACPHERSON Blk 31 (KN),AOP,67467077,na,31 Balam Road #01-103 S(370031),370031,www.pcf.org.sg,Yes,25/10/17,,,
KG1105,PCF SPARKLETOTS PRESCHOOL @ MACPHERSON Blk 54 (KN),AOP,67461524,na,54 Pipit Road #01-52 S(370054),370054,www.pcf.org.sg,Yes,25/10/17,,,
KG1146,PCF SPARKLETOTS PRESCHOOL @ MARINE PARADE Blk 46 (KN),AOP,64426945,na,46 Marine Crescent #01-42 S(440046),440046,www.pcf.org.sg,Yes,25/10/17,,,
KG1421,PCF SPARKLETOTS PRESCHOOL @ MARSILING Blk 15 (KN),AOP,63655066,na,15 Marsiling Lane #01-163 S(730015),730015,www.pcf.org.sg,No,25/10/17,,,
KG1424,PCF SPARKLETOTS PRESCHOOL @ MARSILING Blk 302 (KN),AOP,63683346,na,302 Woodlands Street 31 #01-301 S(730302),730302,www.pcf.org.sg,Yes,25/10/17,,,
KG1422,PCF SPARKLETOTS PRESCHOOL @ MARSILING Blk 32 (KN),AOP,63684788,na,32 Marsiling Drive #01-343 S(730032),730032,www.pcf.org.sg,Yes,25/10/17,,,
KG1046,PCF SPARKLETOTS PRESCHOOL @ MOULMEIN-CAIRNHILL Blk 10 (DS),AOP,62972135,na,10 Gloucester Road #01-33 S(210010),210010,www.pcf.org.sg,No,25/10/17,,,
KG1112,PCF SPARKLETOTS PRESCHOOL @ MOUNTBATTEN Blk 51 (KN),AOP,63449034,na,51 Old Airport Road #02-01 S(390051),390051,www.pcf.org.sg,Yes,25/10/17,,,
KG1361,PCF SPARKLETOTS PRESCHOOL @ NANYANG Blk 813 (KN),AOP,67920838,na,813 Jurong West Street 81 #01-180 S(640813),640813,www.pcf.org.sg,No,25/10/17,,,
KG1363,PCF SPARKLETOTS PRESCHOOL @ NANYANG Blk 934 (KN),AOP,67920963,na,934 Jurong West Street 91 #01-329 S(640934),640934,www.pcf.org.sg,Yes,25/10/17,,,
KG1472,PCF SPARKLETOTS PRESCHOOL @ NEE SOON CENTRAL Blk 609 (KN),AOP,67525259,na,609 Yishun Street 61 #01-235 S(760609),760609,www.pcf.org.sg,No,25/10/17,,,
KG1473,PCF SPARKLETOTS PRESCHOOL @ NEE SOON CENTRAL Blk 646 (KN),AOP,62571146,na,646 Yishun Street 61 #01-354 S(760646),760646,www.pcf.org.sg,Yes,25/10/17,,,
KG1474,PCF SPARKLETOTS PRESCHOOL @ NEE SOON CENTRAL Blk 737 (KN),AOP,67537558,na,737 Yishun Street 72 #01-99 S(760737),760737,www.pcf.org.sg,Yes,25/10/17,,,
KG2011,PCF SPARKLETOTS PRESCHOOL @ NEE SOON CENTRAL Blk 738 (KN),AOP,67585359,na,738 Yishun Street 72 #01-135 S(760738),760738,www.pcf.org.sg,Yes,25/10/17,,,
KG1466,PCF SPARKLETOTS PRESCHOOL @ NEE SOON EAST Blk 223 (KN),AOP,62570231,na,223 Yishun St 21 #01-520 S(760223),760223,www.pcf.org.sg,Yes,25/10/17,,,
KG1470,PCF SPARKLETOTS PRESCHOOL @ NEE SOON EAST Blk 367 (KN),AOP,67545551,na,367 Yishun Ring Road #01-1534 S(760367),760367,www.pcf.org.sg,Yes,25/10/17,,,
KG1610,PCF SPARKLETOTS PRESCHOOL @ NEE SOON EAST Blk 671 (DS),AOP,64813512,na,671 Yishun Avenue 4 #01-01 S(760671),760671,na,No,25/10/17,,,
KG1477,PCF SPARKLETOTS PRESCHOOL @ NEE SOON SOUTH Blk 875 (DS),AOP,67593514,na,875 Yishun St 81 #01-175 S(760875),760875,www.pcf.org.sg,Yes,25/10/17,,,
KG1186,PCF SPARKLETOTS PRESCHOOL @ PASIR RIS EAST Blk 216 (KN),AOP,65840236,na,216 Pasir Ris Street 21 #01-184 S(510216),510216,www.pcf.org.sg,Yes,25/10/17,,,
KG1187,PCF SPARKLETOTS PRESCHOOL @ PASIR RIS EAST Blk 426 (KN),AOP,65810356,na,426-1/2 Pasir Ris Drive 6 #01-73/61 S(510426),510426,www.pcf.org.sg,Yes,25/10/17,,,
KG1188,PCF SPARKLETOTS PRESCHOOL @ PASIR RIS WEST Blk 517 (KN),AOP,65844578,na,517 Pasir Ris Street 52 #01-57 S(510517),510517,www.pcf.org.sg,Yes,25/10/17,,,
KG1193,PCF SPARKLETOTS PRESCHOOL @ PASIR RIS WEST Blk 738 (KN),AOP,65851337,pasir.ris.west@pcf.org.sg,738 Pasir Ris Drive 10 #01-21 S(510738),510738,www.pcf.org.sg,Yes,25/10/17,,,
KG1236,PCF SPARKLETOTS PRESCHOOL @ PAYA LEBAR Blk 125 (KN),AOP,64870285,na,125 Hougang Avenue 1 #01-1470 S(530125),530125,www.pcf.org.sg,No,25/10/17,,,
KG1234,PCF SPARKLETOTS PRESCHOOL @ PAYA LEBAR Blk 23 (KN),AOP,62882522,na,23 Hougang Avenue 3 #01-303 S(530023),530023,www.pcf.org.sg,Yes,25/10/17,,,
KG1355,PCF SPARKLETOTS PRESCHOOL @ PIONEER Blk 642 (KN),AOP,67908526,na,642 Jurong West Street 61 #01-60 S(640642),640642,www.pcf.org.sg,Yes,25/10/17,,,
KG1365,PCF SPARKLETOTS PRESCHOOL @ PIONEER Blk 654B (KN),AOP,67922802,na,654B Jurong West Street 61 #01-490 S(642654),642654,www.pcf.org.sg,Yes,25/10/17,,,
KG1367,PCF SPARKLETOTS PRESCHOOL @ PIONEER Blk 662B (KN),AOP,67944987,na,662B Jurong West Street 64 #01-312 S(642662),642662,www.pcf.org.sg,Yes,25/10/17,,,
KG1364,PCF SPARKLETOTS PRESCHOOL @ PIONEER Blk 665A (KN),AOP,67918003,pioneer665a@gmail.com,665A Jurong West Street 64 #01-160 S(641665),641665,www.pcf.org.sg,Yes,25/10/17,,,
KG1100,PCF SPARKLETOTS PRESCHOOL @ POTONG PASIR Blk 143 (KN),AOP,62881720,na,143 Potong Pasir Avenue 2 #01-24 S(350143),350143,www.pcf.org.sg,No,25/10/17,,,
KG1489,PCF SPARKLETOTS PRESCHOOL @ PUNGGOL COAST Blk 303A (KN),AOP,65562747,na,303A Punggol Central #01-782 S(821303),821303,www.pcf.org.sg,Yes,25/10/17,,,
KG1604,PCF SPARKLETOTS PRESCHOOL @ PUNGGOL COAST Blk 676B (DS),AOP,68817901,na,676B Punggol Drive #02-724 S(822676),822676,www.pcf.org.sg,No,25/10/17,,,
KG1262,PCF SPARKLETOTS PRESCHOOL @ PUNGGOL EAST Blk 103 (KN),AOP,64897584,na,103 Rivervale Walk #01-86 S(540103),540103,www.pcf.org.sg,Yes,25/10/17,,,
KG1265,PCF SPARKLETOTS PRESCHOOL @ PUNGGOL EAST Blk 124A (KN),AOP,68816605,na,124A Rivervale Drive #01-193 S(541124),541124,www.pcf.org.sg,Yes,25/10/17,,,
KG1263,PCF SPARKLETOTS PRESCHOOL @ PUNGGOL EAST Blk 143 (KN),AOP,63889486,na,143 Rivervale Drive #01-557 S(540143),540143,www.pcf.org.sg,Yes,25/10/17,,,
KG1269,PCF SPARKLETOTS PRESCHOOL @ PUNGGOL EAST Blk 187B (KN),AOP,64897845,na,187B Rivervale Drive #01-866 S(542187),542187,www.pcf.org.sg,Yes,25/10/17,,,
KG1491,PCF SPARKLETOTS PRESCHOOL @ PUNGGOL NORTH Blk 105D (KN),AOP,63154294,na,105D Edgefield Plains #01-59 S(824105),824105,www.pcf.org.sg,Yes,25/10/17,,,
KG1490,PCF SPARKLETOTS PRESCHOOL @ PUNGGOL NORTH Blk 171C (KN),AOP,63438409,punggol.north@pcf.org.sg,171C Edgedale Plains #01-438 S(823171),823171,www.pcf.org.sg,Yes,25/10/17,,,
KG1492,PCF SPARKLETOTS PRESCHOOL @ PUNGGOL NORTH Blk 174D (KN),AOP,63866497,na,174D Edgedale Plains #01-193 S(824174),824174,www.pcf.org.sg,Yes,25/10/17,,,
KG1596,PCF SPARKLETOTS PRESCHOOL @ PUNGGOL NORTH Blk 663A (DS),AOP,63153800,na,663A Punggol Drive #01-260 S(821663),821663,www.pcf.org.sg,No,25/10/17,,,
KG1512,PCF SPARKLETOTS PRESCHOOL @ PUNGGOL WEST Blk 271A (KN),AOP,67020790,na,271A Punggol Walk #01-509 S(821271),821271,www.pcf.org.sg,Yes,25/10/17,,,
KG1593,PCF SPARKLETOTS PRESCHOOL @ PUNGGOL WEST Blk 308B (DS),AOP,64448032,na,308B Punggol Walk #01-364 S(822308),822308,www.pcf.org.sg,No,25/10/17,,,
KG1031,PCF SPARKLETOTS PRESCHOOL @ QUEENSTOWN Blk 3 (KN),AOP,62720556,na,3 Jalan Bukit Merah #01-5118 S(150003),150003,www.pcf.org.sg,Yes,25/10/17,,,
KG1024,PCF SPARKLETOTS PRESCHOOL @ QUEENSTOWN Blk 53A (KN),AOP,64751912,na,53A Strathmore Avenue #01-01 S(143053),143053,www.pcf.org.sg,No,25/10/17,,,
KG1005,PCF SPARKLETOTS PRESCHOOL @ RADIN MAS Blk 108 (KN),AOP,62742864,nanrm108@hotmail.com,108 Bukit Purmei Road #01-105 S(090108),90108,www.pcf.org.sg,Yes,25/10/17,,,
KG1004,PCF SPARKLETOTS PRESCHOOL @ RADIN MAS Blk 21 (KN),AOP,62705346,pcfrm21@hotmail.com,21 Telok Blangah Crescent #01-52 S(090021),90021,www.pcf.org.sg,Yes,25/10/17,,,
KG1033,PCF SPARKLETOTS PRESCHOOL @ RADIN MAS Blk 70A (KN),AOP,64794281,pcfrm70a@hotmail.com,70A Redhill Close #07-01 S(151070),151070,www.pcf.org.sg,Yes,25/10/17,,,
KG1032,PCF SPARKLETOTS PRESCHOOL @ RADIN MAS Blk 87 (KN),AOP,64721620,na,87 Redhill Close #01-582 S(150087),150087,www.pcf.org.sg,Yes,25/10/17,,,
KG1459,PCF SPARKLETOTS PRESCHOOL @ SEMBAWANG Blk 507D (KN),AOP,67528815,na,507D Wellington Circle #01-94 S(754507),754507,www.pcf.org.sg,No,25/10/17,,,
KG1447,PCF SPARKLETOTS PRESCHOOL @ SEMBAWANG Blk 786B (KN),AOP,63695157,na,786B Woodlands Drive 60 #01-97 S(732786),732786,www.pcf.org.sg,Yes,25/10/17,,,
KG1436,PCF SPARKLETOTS PRESCHOOL @ SEMBAWANG Blk 789 (KN),AOP,63637978,na,789 Woodlands Avenue 6 #01-663 S(730789),730789,www.pcf.org.sg,No,25/10/17,,,
KG1266,PCF SPARKLETOTS PRESCHOOL @ SENGKANG CENTRAL Blk 206A (KN),AOP,64892370,na,206A Compassvale Lane #01-67 S(541206),541206,www.pcf.org.sg,Yes,25/10/17,,,
KG1264,PCF SPARKLETOTS PRESCHOOL @ SENGKANG CENTRAL Blk 231 (KN),AOP,68817901,na,231 Compassvale Walk #01-436 S(540231),540231,www.pcf.org.sg,No,25/10/17,,,
KG1270,PCF SPARKLETOTS PRESCHOOL @ SENGKANG CENTRAL Blk 277B (KN),AOP,65563209,na,277B Compassvale Link #01-264 S(542277),542277,www.pcf.org.sg,Yes,25/10/17,,,
KG1271,PCF SPARKLETOTS PRESCHOOL @ SENGKANG CENTRAL Blk 292B (KN),AOP,68755725,na,292B Compassvale Street #01-206 S(542292),542292,www.pcf.org.sg,Yes,25/10/17,,,
KG1482,PCF SPARKLETOTS PRESCHOOL @ SENGKANG SOUTH Blk 443 (KN),AOP,66366816,na,443 Fernvale Road #01-411 S(790443),790443,www.pcf.org.sg,Yes,25/10/17,,,
KG1240,PCF SPARKLETOTS PRESCHOOL @ SENGKANG SOUTH Blk 452 (DS),AOP,63871004,na,452 Hougang Avenue 10 #01-575 S(530452),530452,www.pcf.org.sg,Yes,25/10/17,,,
KG1242,PCF SPARKLETOTS PRESCHOOL @ SENGKANG SOUTH Blk 535 (KN),AOP,63851030,punggolsouth535@gmail.com,535 Hougang Street 52 #01-18 S(530535),530535,www.pcf.org.sg,Yes,25/10/17,,,
KG1268,PCF SPARKLETOTS PRESCHOOL @ SENGKANG WEST Blk 303A (KN),AOP,63122961,pcfskwkn303@gmail.com,303A Anchorvale Link #01-82 S(541303),541303,www.pcf.org.sg,Yes,25/10/17,,,
KG1584,PCF SPARKLETOTS PRESCHOOL @ SENGKANG WEST Blk 330A (DS),AOP,63851420,pcfsw330a@gmail.com,330A Anchorvale Street #01-519 S(541330),541330,www.pcf.org.sg,No,25/10/17,,,
KG1591,PCF SPARKLETOTS PRESCHOOL @ SENGKANG WEST Blk 416A (KN),AOP,63150657,na,416A Fernvale Link #01-106 S(791416),791416,www.pcf.org.sg,No,25/10/17,,,
KG1483,PCF SPARKLETOTS PRESCHOOL @ SENGKANG WEST Blk 436D (KN),AOP,62420807,na,436D Fernvale Road #01-156 S(791436),791436,www.pcf.org.sg,Yes,25/10/17,,,
KG1279,PCF SPARKLETOTS PRESCHOOL @ SERANGOON Blk 125 (KN),AOP,62871862,na,125 Serangoon North Avenue 1 #01-133 S(550125),550125,www.pcf.org.sg,Yes,25/10/17,,,
KG1281,PCF SPARKLETOTS PRESCHOOL @ SERANGOON Blk 226 (KN),AOP,62846683,na,226 Serangoon Avenue 4 #01-149 S(550226),550226,www.pcf.org.sg,Yes,25/10/17,,,
KG1162,PCF SPARKLETOTS PRESCHOOL @ SIGLAP Blk 170 (KN),AOP,62412678,na,170 Bedok South Road #01-354 S(460170),460170,www.pcf.org.sg,No,25/10/17,,,
KG1341,PCF SPARKLETOTS PRESCHOOL @ TAMAN JURONG Blk 352 (KN),AOP,62656991,na,352 Kang Ching Road #01-71 S(610352),610352,www.pcf.org.sg,Yes,25/10/17,,,
KG1218,PCF SPARKLETOTS PRESCHOOL @ TAMPINES CENTRAL Blk 725 (DS),AOP,67893677 | 67886206,na,725 Tampines Street 71 #01-179 S(520725),520725,www.pcf.org.sg,Yes,25/10/17,,,
KG1220,PCF SPARKLETOTS PRESCHOOL @ TAMPINES CENTRAL Blk 856 (KN),AOP,67894598,na,856 Tampines Street 82 #01-279 S(520856),520856,www.pcf.org.sg,Yes,25/10/17,,,
KG1566,PCF SPARKLETOTS PRESCHOOL @ TAMPINES CENTRAL Blk 868A (KN),AOP,63416820,na,868A Tampines Avenue 8 #01-534 S(520868),520868,www.pcf.org.sg,No,25/10/17,,,
KG1206,PCF SPARKLETOTS PRESCHOOL @ TAMPINES EAST Blk 261 (KN),AOP,67861110,pcfte261@singnet.com.sg,261 Tampines Street 21 #01-300 S(520261),520261,www.pcf.org.sg,Yes,25/10/17,,,
KG1207,PCF SPARKLETOTS PRESCHOOL @ TAMPINES EAST Blk 262 (DS),AOP,67834463,pcfte262@Gmail.com,262 Tampines Street 21 #01-272 S(520262),520262,www.pcf.org.sg,Yes,25/10/17,,,
KG1216,PCF SPARKLETOTS PRESCHOOL @ TAMPINES NORTH Blk 483 (KN),AOP,67853919,na,483 Tampines Street 43 #01-202 S(520483),520483,www.pcf.org.sg,Yes,25/10/17,,,
KG1203,PCF SPARKLETOTS PRESCHOOL @ TAMPINES WEST Blk 140 (KN),AOP,67821177,tampwesteductr@gmail.com,140 Tampines Street 12 #01-426 S(520140),520140,www.pcf.org.sg,Yes,25/10/17,,,
KG1222,PCF SPARKLETOTS PRESCHOOL @ TAMPINES WEST Blk 887 (KN),AOP,67836365,tampwesteductr@gmail.com,887 Tampines Street 81 #01-1006 S(520887),520887,www.pcf.org.sg,No,25/10/17,,,
KG1223,PCF SPARKLETOTS PRESCHOOL @ TAMPINES-CHANGKAT Blk 106 (KN),AOP,67885334,na,106 Tampines Street 11 #01-333 S(521106),521106,www.pcf.org.sg,Yes,25/10/17,,,
KG1208,PCF SPARKLETOTS PRESCHOOL @ TAMPINES-CHANGKAT Blk 284 (KN),AOP,67840156,na,284 Tampines Street 22 #01-149 S(520284),520284,www.pcf.org.sg,Yes,25/10/17,,,
KG1209,PCF SPARKLETOTS PRESCHOOL @ TAMPINES-CHANGKAT Blk 318 (KN),AOP,65873461,na,318 Tampines Street 33 #01-80 S(520318),520318,www.pcf.org.sg,Yes,25/10/17,,,
KG1211,PCF SPARKLETOTS PRESCHOOL @ TAMPINES-CHANGKAT Blk 358 (KN),AOP,62602059,pcfte358@singnet.com.sg,358 Tampines Street 33 #01-666 S(520358),520358,www.pcf.org.sg,Yes,25/10/17,,,
KG1035,PCF SPARKLETOTS PRESCHOOL @ TANJONG PAGAR-TIONG BAHRU Blk 130 (KN),AOP,62702191,na,130 Kim Tian Road #01-157 S(160130),160130,www.pcf.org.sg,Yes,25/10/17,,,
KG1002,PCF SPARKLETOTS PRESCHOOL @ TANJONG PAGAR-TIONG BAHRU Blk 1E (KN),AOP,66348341,na,1E Cantoment Road #03-49 S(085501),85501,www.pcf.org.sg,Yes,25/10/17,,,
KG1293,PCF SPARKLETOTS PRESCHOOL @ TECK GHEE Blk 301 (KN),AOP,64564995,na,301 Ang Mo Kio Street 31 #01-1814 S(560301),560301,www.pcf.org.sg,Yes,25/10/17,,,
KG1297,PCF SPARKLETOTS PRESCHOOL @ TECK GHEE Blk 466 (KN),AOP,64586623,na,466 Ang Mo Kio Avenue 10 #01-1034 S(560466),560466,www.pcf.org.sg,Yes,25/10/17,,,
KG1022,PCF SPARKLETOTS PRESCHOOL @ TELOK BLANGAH Blk 2 (KN),AOP,67731760,dover.tbpcf@yahoo.com,2 Dover Road #01-342 S(130002),130002,www.pcf.org.sg / www.tbpcf.org,Yes,25/10/17,,,
KG1007,PCF SPARKLETOTS PRESCHOOL @ TELOK BLANGAH Blk 78A (DS),AOP,62701511,tbpcf78a@yahoo.com,78A Telok Blangah Street 32 #03-01 S(101078),101078,www.pcf.org.sg / www.tbpcf.org,Yes,25/10/17,,,
KG1085,PCF SPARKLETOTS PRESCHOOL @ TOA PAYOH CENTRAL Blk 157 (KN),AOP,63561823,na,157 Lorong 1 Toa Payoh #01-1243 S(310157),310157,www.pcf.org.sg,Yes,25/10/17,,,
KG1084,PCF SPARKLETOTS PRESCHOOL @ TOA PAYOH CENTRAL Blk 97 (KN),AOP,63538058,na,97 Lorong 3 Toa Payoh #01-60 S(310097),310097,www.pcf.org.sg,Yes,25/10/17,,,
KG1081,PCF SPARKLETOTS PRESCHOOL @ TOA PAYOH EAST-NOVENA Blk 6 (KN),AOP,62558297,na,6 Lorong 7 Toa Payoh #01-181 S(310006),310006,www.pcf.org.sg,Yes,25/10/17,,,
KG1086,PCF SPARKLETOTS PRESCHOOL @ TOA PAYOH WEST-BALESTIER Blk 205 (KN),AOP,62526930,na,205 Toa Payoh North #01-1175 S(310205),310205,www.pcf.org.sg,Yes,25/10/17,,,
KG1082,PCF SPARKLETOTS PRESCHOOL @ TOA PAYOH WEST-BALESTIER Blk 45 (DS),AOP,62591737,na,45 Lorong 5 Toa Payoh #01-149 S(310045),310045,www.pcf.org.sg,Yes,25/10/17,,,
KG1062,PCF SPARKLETOTS PRESCHOOL @ ULU PANDAN Blk 24 (KN),AOP,64683612,pcfulupandan@gmail.com,24 Ghim Moh Link #03-01 S(270024),270024,www.pcf.org.sg,Yes,25/10/17,,,
KG1018,PCF SPARKLETOTS PRESCHOOL @ WEST COAST Blk 702 (KN),AOP,68731802,na,702 West Coast Rd #01-347 S(120702),120702,www.pcf.org.sg,Yes,25/10/17,,,
KG1019,PCF SPARKLETOTS PRESCHOOL @ WEST COAST Blk 728 (KN),AOP,67782677,na,728 Clementi West Street 2 #01-390 S(120728),120728,www.pcf.org.sg,Yes,25/10/17,,,
KG1094,PCF SPARKLETOTS PRESCHOOL @ WHAMPOA Blk 106 (KN),AOP,63963731,na,106 Towner Road #01-434 S(322106),322106,www.pcf.org.sg,No,25/10/17,,,
KG1093,PCF SPARKLETOTS PRESCHOOL @ WHAMPOA Blk 112 (KN),AOP,62535610,na,112 Whampoa Road #01-83 S(321112),321112,www.pcf.org.sg,Yes,25/10/17,,,
KG1091,PCF SPARKLETOTS PRESCHOOL @ WHAMPOA Blk 85 (KN),AOP,62543823,na,85 Whampoa Drive #01-248 S(320085),320085,www.pcf.org.sg,Yes,25/10/17,,,
KG1426,PCF SPARKLETOTS PRESCHOOL @ WOODGROVE Blk 364 (KN),AOP,62696762,na,364 Woodlands Avenue 5 #01-478 S(730364),730364,www.pcf.org.sg,Yes,25/10/17,,,
KG1444,PCF SPARKLETOTS PRESCHOOL @ WOODGROVE Blk 899B (KN),AOP,63651958,na,899B Woodlands Drive 50 #01-276 S(731899),731899,www.pcf.org.sg,Yes,25/10/17,,,
KG1432,PCF SPARKLETOTS PRESCHOOL @ WOODLANDS Blk 652 (KN),AOP,63668398,b652pcf@gmail.com,652 Woodlands Ring Road #01-386 S(730652),730652,www.pcf.org.sg,Yes,25/10/17,,,
KG1433,PCF SPARKLETOTS PRESCHOOL @ WOODLANDS Blk 730 (KN),AOP,63695170,na,730 Woodlands Circle #01-25 S(730730),730730,www.pcf.org.sg,Yes,25/10/17,,,
KG1440,PCF SPARKLETOTS PRESCHOOL @ WOODLANDS Blk 875 (KN),AOP,63631589,pcf875@gmail.com,875 Woodlands Street 82 #01-548 S(730875),730875,www.pcf.org.sg,Yes,25/10/17,,,
KG1407,PCF SPARKLETOTS PRESCHOOL @ YEW TEE Blk 608 (KN),AOP,67609233,na,608 Choa Chu Kang Street 62 #01-103 S(680608),680608,www.pcf.org.sg,Yes,25/10/17,,,
KG1410,PCF SPARKLETOTS PRESCHOOL @ YEW TEE Blk 682 (KN),AOP,67621701,na,682 Choa Chu Kang Crescent #01-504 S(680682),680682,www.pcf.org.sg,Yes,25/10/17,,,
KG1414,PCF SPARKLETOTS PRESCHOOL @ YEW TEE Blk 690D (KN),AOP,67609368,na,690D Choa Chu Kang Crescent #01-74 S(684690),684690,www.pcf.org.sg,Yes,25/10/17,,,
KG1291,PCF SPARKLETOTS PRESCHOOL @ YIO CHU KANG Blk 121 (KN),AOP,64536490,na,121 Ang Mo Kio Avenue 3 #01-1711 S(560121),560121,www.pcf.org.sg,Yes,25/10/17,,,
KG1292,PCF SPARKLETOTS PRESCHOOL @ YIO CHU KANG Blk 235 (KN),AOP,64567874,na,235 Ang Mo Kio Avenue 3 #01-1114 S(560235),560235,www.pcf.org.sg,Yes,25/10/17,,,
KG1302,PCF SPARKLETOTS PRESCHOOL @ YIO CHU KANG Blk 644 (KN),AOP,64536497,na,644 Ang Mo Kio Ave 4 #01-850 S(560644),560644,www.pcf.org.sg,No,25/10/17,,,
KG1332,PCF SPARKLETOTS PRESCHOOL @ YUHUA Blk 223A (KN),AOP,65632616,na,223A Jurong East Street 21 #01-851 S(601223),601223,www.pcf.org.sg,Yes,25/10/17,,,
KG1329,PCF SPARKLETOTS PRESCHOOL @ YUHUA Blk 251 (KN),AOP,65656401,na,251 Jurong East Street 24 #01-110 S(600251),600251,www.pcf.org.sg,Yes,25/10/17,,,
KG1331,PCF SPARKLETOTS PRESCHOOL @ YUHUA Blk 317 (KN),AOP,65654149,na,317 Jurong East Street 31 #01-14 S(600317),600317,www.pcf.org.sg,Yes,25/10/17,,,
KG1392,PCF SPARKLETOTS PRESCHOOL @ ZHENGHUA Blk 455A (KN),AOP,66848755,na,455A Segar Road #01-01 S(671455),671455,www.pcf.org.sg,Yes,25/10/17,,,
KG1389,PCF SPARKLETOTS PRESCHOOL @ ZHENGHUA Blk 528 (KN),AOP,67635767,na,528 Jelapang Road #01-79 S(670528),670528,www.pcf.org.sg,Yes,25/10/17,,,
KG1391,PCF SPARKLETOTS PRESCHOOL @ ZHENGHUA Blk 620 (KN),AOP,63104620,zhenghua@pcf.org.sg,620 Bukit Panjang Ring Road #01-828 S(670620),670620,www.pcf.org.sg,Yes,25/10/17,,,
KG1011,Pearlbank Montessori Kindergarten,Commercial,67746093,pearlbnk@singnet.com.sg,302 Pasir Panjang Road S(118643),118643,www.pbkindy.com.sg,No,25/10/17,,,
KG1198,Pentecost Methodist Church Kindergarten,NFP,65817728,pmckadmin@pmc.org.sg,4 Pasir Ris Drive 6 S(519420),519420,www.pmc.org.sg,Yes,25/10/17,,,
KG1071,Pibos Garden Preschool,Commercial,64662639,Sabrina.james@pibospreschool.com,1 Dunearn Close S(299574),299574,pibospreschool.com,No,25/10/17,,,
KG1560,Pink Tower Montessori,Commercial,64442582,enquiries@pinktower.edu.sg,252 Tembeling Road #01-07 S(423731),423731,na,No,25/10/17,,,
KG1513,Prodigy Preschool,Commercial,67856607,na,497C Tampines Street 45 #01-54 S(522497),522497,na,No,25/10/17,,,
KG1134,Pu Hui Kindergarten,NFP,63444331,puhui@singnet.com.sg,8 Lorong 102 Changi Road S(426603),426603,www.puhui.edu.sg,No,25/10/17,,,
KG1481,Putra - Putri Kindergarten,Commercial,63625424,putraputrikindy@yahoo.com.sg,408 Woodlands Street 41 S(730408),730408,na,No,25/10/17,,,
KG1571,Quayside Isle Preparatory School,Commercial,62357527,info@quips.sg,31 Ocean Way #01-17 S(098375),98375,www.quips.edu.sg,No,25/10/17,,,
KG1027,Queenstown Good Shepherd Kindergarten,NFP,64793382,kindergarten@cogsanglican.org,2 Dundee Road S(149454),149454,na,No,25/10/17,,,
KG1028,Queenstown Lutheran Church Kindergarten,NFP,64757458,principal@qlc.org.sg,709 Commonwealth Drive S(149601),149601,na,Yes,25/10/17,,,
KG1110,Raffles Montessori Kindergarten (Aljunied),Commercial,67452722,info@rafflesmontessorikindergarten.com,Fansida Building 46 Lorong 23 Geylang #04-46C S(388375),388375,na,No,25/10/17,,,
KG1130,Raffles Montessori Kindergarten (Still Road),Commercial,63440077,info@rafflesmontessori.com.sg,105 Lorong Stangee S(425080),425080,www.rafflesmontessori.com.sg,No,25/10/17,,,
KG1563,Rainbow Cove Montessori,Commercial,63396372,jnielsen@rainbowcove.com.sg,Alexis 354 Alexandra Road S(159948),159948,na,No,25/10/17,,,
KG1261,Ramakrishna Mission Sarada Kindergarten,NFP,62885288,office@sarada.edu.sg,179 Bartley Road S(539784),539784,www.sarada.edu.sg,Yes,25/10/17,,,
KG1169,Ripples Montessori Kindergarten,Commercial,64422335,na,Picardy Garden 10 Jalan Pari Burong S(488676),488676,ripplesmontessori.com,No,25/10/17,,,
KG1185,Riverlife Kindergarten,NFP,65114168,office@riverlifekindergarten.org.sg,6 Loyang Besar Close S(509026),509026,www.riverlifekindergarten.org.sg,No,25/10/17,,,
KG1476,Saraswathy Darma Muneeswaran Kindergarten,NFP,67587421,admin@sdmkg.sg,838 Yishun Street 81 #01-322 S(760838),760838,www.sdmkg.sg,No,25/10/17,,,
KG1088,Saraswathy Kindergarten,NFP,62582744,admin@skg.sg,254 Kim Keat Avenue #01-110 S(310254),310254,www.skg.sg,Yes,25/10/17,,,
KG1507,Seeds D' Learning House,Commercial,62477271,admin@seeds-dlh.com,252 Tembeling Road #02-07 S(423731),423731,na,No,25/10/17,,,
KG1272,Sengkang Methodist Children Centre,NFP,63853041,joannelow@skmcc.org.sg,31 Anchorvale Road S(545056),545056,na,Yes,25/10/17,,,
KG1338,Seventh-day Adventist Kindergarten,NFP,65624932,leemei@sdak.edu.sg,90 Jurong East Street 13 S(609648),609648,www.sdak.edu.sg,Yes,25/10/17,,,
KG1184,Shalom Kindergarten,NFP,65810480,shalomkindergarten@gmail.com,4 Loyang Besar Close S(509025),509025,shalombpchurch.org/kindergarten,No,25/10/17,,,
KG1519,Singapore Hokkien Huay Kuan Pre-School,Commercial,65899503,enquiries@shhkpreschool.com.sg,5 Sennett Road S(466781),466781,www.shhkpreschool.com.sg,No,25/10/17,,,
KG1227,Soka Kindergarten,NFP,67844232,sokakindergarten@ssabuddhist.org,7 Tampines Street 92 S(528888),528888,www.sokakindergarten.org,No,25/10/17,,,
KG1133,Sri Sathya Sai Kindergarten,NFP,65811979,na,716 Pasir Ris St 72 #01-09 S(510716),510716,na,No,25/10/17,,,
KG1275,St. Anne's Church Kindergarten,NFP,63862007,stanne.kindergarten@gmail.com,66 Sengkang East Way S(548593),548593,na,No,25/10/17,,,
KG1371,St. Francis Of Assisi Kindergarten (Boon Lay),NFP,62618212,sfakgbl@yahoo.com.sg,200 Boon Lay Avenue S(649964),649964,na,No,25/10/17,,,
KG1370,St. Francis Of Assisi Kindergarten (Jurong West),NFP,65667767,sfakgjw@gmail.com,47 Jurong West Street 42 S(649368),649368,www.sfakgjw.edu.sg,No,25/10/17,,,
KG1289,St. Francis Xavier Kindergarten,NFP,62808929,sfx_kindergarten@sfxchurch.sg | sfxkindy@gmail.com,63A Chartwell Drive S(558758),558758,na,No,25/10/17,,,
KG1140,St. Hilda's Church Kindergarten,NFP,63443119,principal@shkindy.edu.sg,83 Ceylon Road S(429740),429740,www.shkindy.edu.sg,No,25/10/17,,,
KG1060,St. James' Church Kindergarten,NFP,62197246,leedon@sjck.org.sg,1 Leedon Road S(267828),267828,www.sjck.org.sg,Yes,25/10/17,,,
KG1600,St. James' Church Kindergarten (Gilstead),NFP,62546725,gilstead@sjck.org.sg,25 Gilstead Road S(309070),309070,www.sjck.org.sg,No,25/10/17,,,
KG1054,St. James' Church Kindergarten (Harding),NFP,64766026,info@sjck.org.sg,29 Harding Road S(249537),249537,www.sjck.org.sg,Yes,25/10/17,,,
KG1395,St. Joseph's Church Kindergarten,NFP,67601301,sjckdgn@singnet.com.sg,600 Upper Bukit Timah Road S(679331),679331,sjckccc.edu.sg,Yes,25/10/17,,,
KG1254,St. Paul's Church Kindergarten,NFP,62805418,adminsupport@spck.edu.sg,839 Upper Serangoon Road S(534682),534682,www.spck.edu.sg,No,25/10/17,,,
KG1284,St. Vincent De Paul Kindergarten,NFP,64840812,na,536 Serangoon North Ave 4 #01-187 S(550536),550536,na,No,25/10/17,,,
KG1497,Starland Kindergarten,Commercial,62417009,starland29a@yahoo.com,29A Chai Chee Avenue #01-74 S(461029),461029,na,No,25/10/17,,,
KG1508,Summer Montessori,Commercial,91552450,montessoriatsummer@gmail.com,The Agape 21 Yung Ho Road #01-04 S(618593),618593,www.summermontessori.com,No,25/10/17,,,
KG1059,Sunshine Kindergarten (Watten),Commercial,64666608,sunshinek.office@gmail.com,66 Namly Place S(267211),267211,www.sunshinekindergarten.com.sg,No,25/10/17,,,
KG1068,Swallows And Amazons Kindergarten,Commercial,67628158,lessons@swallowsandamazons.com.sg,200 Turf Club Road S(287994),287994,www.swallowsandamazons.com.sg,Yes,25/10/17,,,
KG1102,The Ascension Kindergarten,NFP,63821110,kindergarten@ascension.org.sg,11 Francis Thomas Drive S(359338),359338,kindergarten.ascension.org.sg/,Yes,25/10/17,,,
KG1006,The Capstone Kindergarten,NFP,62788823,enquiry@capstone.edu.sg,61 Wishart Road S(098716),98716,www.capstone.edu.sg,Yes,25/10/17,,,
KG1326,The Little House (Montessori) Kindergarten,Commercial,64692123,tlhmoffice@gmail.com,Bowland Blk 1 Brookvale Drive #01-07 S(599968),599968,www.thelittlehousemontessori.com,No,25/10/17,,,
KG1244,The Montessori Playroom Kindergarten,Commercial,63884033,dmp@montessori-playroom.com,806 Hougang Central #04-144 S(530806),530806,www.montessori-playroom.com,No,25/10/17,,,
KG1072,Thomson Road Baptist Kindergarten,NFP,62550111,trbk@trbc.org.sg,45 Thomson Road S(307584),307584,trbk.org.sg,No,25/10/17,,,
KG1090,Toa Payoh Methodist Church Kindergarten,NFP,63532651,admin@tpmckindergarten.edu.sg,480 Lorong 2 Toa Payoh S(319641),319641,www.tpmckindergarten.edu.sg,No,25/10/17,,,
KG1358,Tots Club Preschool,Commercial,67901882,totsclubpreschool@gmail.com,727 Jurong West Ave 5 #B1-182 S(640727),640727,www.totsclubpreschool.com,No,25/10/17,,,
KG1603,Totsville Montessori Kindergarten,Commercial,65828000,contact@totsville.com.sg,720 Pasir Ris Street 72 01-105 S(510720),510720,www.totsville.com.sg,No,25/10/17,,,
KG1605,Totsville Montessori Kindergarten (Bishan),Commercial,64559604,contact@totsville.com.sg,230 Bishan Street 23 #B1-35 S(570230),570230,www.totsville.com.sg,No,25/10/17,,,
KG1585,Totsville Montessori Preschool,Commercial,64813310,contact@totsville.com.sg,340 Ang Mo Kio Ave 1 #01-1687 S(560340),560340,www.totsville.com.sg,No,25/10/17,,,
KG1257,TPBC Kindergarten,NFP,62830196,admin@tpbckindergarten.org,20 Lorong Ah Soo S(536698),536698,www.tpbckindergarten.org,No,25/10/17,,,
KG1025,True Way Presbyterian Kindergarten,NFP,64710781,kindergarten@trueway.org.sg,156B Stirling Road S(148947),148947,twpk.edu.sg,No,25/10/17,,,
KG1149,Tung Ling Kindergarten,NFP,63451469,tunglingkdgn@tlcs.org.sg,145 Marine Parade S(449274),449274,www.tunglingkdgn@tlcs.org.sg,Yes,25/10/17,,,
KG1156,Two By Two Schoolhouse,Commercial,62450838,enquiry@twobytwo.sg,Bright Centre 55 Lor L Telok Kurau #03-61 S(425500),425500,www.twobytwo.sg,No,25/10/17,,,
KG1051,Wee Care Kindergarten,Commercial,68361450,weecare@singnet.com.sg,56 Tanglin Road #02-03 S(247964),247964,www.weecare.com.sg,No,25/10/17,,,
KG1069,White Lodge Bukit Timah Pte Ltd,Commercial,64688846,bukittimah@whitelodge.edu.sg,39 Linden Drive S(288712),288712,www.whitelodge.edu.sg,No,25/10/17,,,
KG1136,White Lodge Kindergarten (East Coast),Commercial,64406690,eastcoast@whitelodge.edu.sg,102 Guillemard Road #02-01 S(399719),399719,www.whitelodge.edu.sg,No,25/10/17,,,
KG1499,White Lodge Kindergarten (Phoenix Park),Commercial,62355310 | 62355410,phoenixpark@whitelodge.edu.sg,310 Tanglin Road S(247975),247975,www.whitelodge.edu.sg,No,25/10/17,,,
KG1500,White Lodge Kindergarten (Upper East Coast),Commercial,65431802,uppereastcoast@whitelodge.edu.sg,36 Toh Drive S(507889),507889,www.whitelodge.edu.sg,No,25/10/17,,,
KG1394,White Lodge Upper Bukit Timah Pte Ltd,Commercial,63145481,upperbukittimah@whitelodge.edu.sg,Fuyoung Estate 1 Jalan Siap S(678541),678541,www.whitelodge.edu.sg,No,25/10/17,,,
KG1010,White Lodge West Coast Pte Ltd,Commercial,67798465,westcoast@whitelodge.edu.sg,9 South Buona Vista Road S(118141),118141,www.whitelodge.edu.sg,No,25/10/17,,,
KG1273,Yio Chu Kang Chapel Kindergarten,NFP,62855372,kindergarten@yckc.org.sg,242 Yio Chu Kang Road S(545671),545671,www.yckckindergarten.com,Yes,25/10/17,,,
KG1306,Zion Bishan Kindergarten,NFP,63538083,principal@zbk.edu.sg,4 Bishan Street 13 S(579792),579792,www.zbk.edu.sg,No,25/10/17,,,
KG1285,Zion Kindergarten,NFP,62861681,zionkinder@zionserangoon.org.sg,3 & 5 Tavistock Avenue S(555108),555108,zionkinder.ednoland.com.sg,No,25/10/17,,,
KG1157,Zoo-Phonics Kindergarten,Commercial,64451148,sp@zoo-phonics.com.sg,54 Burnfoot Terrace S(459839),459839,na,No,25/10/17,,,
KG1356,Zulfa Kindergarten,Commercial,67912080 | 67940476,admin_jw715@zulfa.edu.sg,717 Jurong West Street 71 #B1-107 S(640717),640717,www.zulfa.edu.sg,No,25/10/17,,,
KG1402,Zulfa Kindergarten @ Choa Chu Kang,Commercial,67669377,admin_cck@zulfa.edu.sg,445 Choa Chu Kang Avenue 4 #01-307 S(680445),680445,www.zulfa.edu.sg,No,25/10/17,,,
KG1191,Zulfa Kindergarten @ Pasir Ris,Commercial,65827965,admin_pr@zulfa.edu.sg,626 Pasir Ris Drive 3 #01-302 S(510626),510626,www.zulfa.edu.sg,No,25/10/17,,,
KG1457,Zulfa Kindergarten @ Sembawang Mart PTE LTD,Commercial,67583739,admin_sm@zulfa.edu.sg,511 Canberra Road #02-01 S(750511),750511,www.zulfa.edu.sg,No,25/10/17,,,
KM0001,MOE Kindergarten @ Blangah Rise (KCare available),MOE,62746830,mk_blangahrise@moe.edu.sg,Blangah Rise Primary School 91 Telok Blangah Heights S(109100),109100,www.moe.gov.sg/moekindergarten,No,17/8/18,,,
KM0002,MOE Kindergarten @ Dazhong (KCare available from 2019),MOE,68960738,mk_dazhong@moe.edu.sg,Dazhong Primary School 35 Bukit Batok Street 31 S(659441),659441,www.moe.gov.sg/moekindergarten,No,17/8/18,,,
KM0003,MOE Kindergarten @ Farrer Park (KCare available from 2019),MOE,63415389,mk_farrerpark@moe.edu.sg,Farrer Park Primary School 2 Farrer Park Road S(217567),217567,www.moe.gov.sg/moekindergarten,No,17/8/18,,,
KM0004,MOE Kindergarten @ Punggol View (KCare available),MOE,66594235,mk_punggolview@moe.edu.sg,Punggol View Primary School 9 Punggol Place  S(828845),828845,www.moe.gov.sg/moekindergarten,No,17/8/18,,,
KM0005,MOE Kindergarten @ Tampines,MOE,67827424,mk_tampines489c@moe.edu.sg,Block 489C Tampines Street 45 #01-171 S(522489),522489,www.moe.gov.sg/moekindergarten,No,17/8/18,,,
KM0006,MOE Kindergarten @ Punggol Green(KCare available),MOE,64438335,mk_punggolgreen@moe.edu.sg,Punggol Green Primary School 98 Punggol Walk  S(828772),828772,www.moe.gov.sg/moekindergarten,No,17/8/18,,,
KM0007,MOE Kindergarten @ Sengkang Green (KCare available),MOE,62416640,mk_sengkanggreen@moe.edu.sg,Sengkang Green Primary School 15 Fernvale Road S(797636),797636,www.moe.gov.sg/moekindergarten,No,17/8/18,,,
KM0008,MOE Kindergarten @ West Spring (KCare available),MOE,63144192,mk_westspring@moe.edu.sg,West Spring Primary School 60 Bukit Panjang Ring Road S(769946),769946,www.moe.gov.sg/moekindergarten/,No,17/8/18,,,
KM0009,MOE Kindergarten @ Frontier (KCare available),MOE,66863885,mk_frontier@moe.edu.sg,Frontier Primary School 20 Jurong West Street 61 S(648200),648200,www.moe.gov.sg/moekindergarten/,No,17/8/18,,,
KM0010,MOE Kindergarten @ Yishun (KCare available),MOE,67107874,mk_yishun318a@moe.edu.sg,Blk 318A Yishun Avenue 9 #01-126 S(761318),761318,www.moe.gov.sg/moekindergarten/,No,17/8/18,,,
KM0011,MOE Kindergarten @ Fernvale Link (KCare available),MOE,62410902,mk_fernvalelink@moe.edu.sg,Block 470A Fernvale Link #01-410 S(791470),791470,www.moe.gov.sg/moekindergarten/,No,17/8/18,,,
KM0012,MOE Kindergarten @ Northoaks (KCare available),MOE,64812018,mk_northoaks@moe.edu.sg,Northoaks Primary School 61 Sembawang Drive S(757622),757622,www.moe.gov.sg/moekindergarten/,No,17/8/18,,,
KM0013,MOE Kindergarten @ Riverside (KCare available),MOE,63627223,mk_riverside@moe.edu.sg,Riverside Primary School 110 Woodlands Crescent S(737803),737803,www.moe.gov.sg/moekindergarten/,No,17/8/18,,,
KM0014,MOE Kindergarten @ Springdale (KCare available),MOE,63846707,mk_springdale@moe.edu.sg,Springdale Primary School 71 Anchorvale Link S(544799),544799,www.moe.gov.sg/moekindergarten/,No,17/8/18,,,
KM0015,MOE Kindergarten @ Westwood (KCare available),MOE,63160211,mk_westwood@moe.edu.sg,Westwood Primary School 1 Jurong West St 73 S(649188),649188,www.moe.gov.sg/moekindergarten/,No,17/8/18,,,
KM0016,MOE Kindergarten @ Oasis,MOE,62824864,mk_oasis@moe.edu.sg,Oasis Primary School 71 Edgefield Plains S(828716),828716,www.moe.gov.sg/moekindergarten/,No,17/8/18,,,
KM0017,MOE Kindergarten @ Punggol Cove,MOE,62822375,mk_punggolcove@moe.edu.sg,Punggol Cove Primary School 52 Sumang Walk S(828674),828674,www.moe.gov.sg/moekindergarten/,No,17/8/18,,,
KM0018,MOE Kindergarten @ Waterway,MOE,63150082,mk_waterway@moe.edu.sg,Waterway Primary School 70 Punggol Drive S(828802),828802,www.moe.gov.sg/moekindergarten/,No,17/8/18,,,
KM0019,MOE Kindergarten @ Anchor Green (Opening in 2019 -  KCare available),MOE,68861356,anchorgreen_ps@moe.edu.sg,Anchor Green Primary School 31 Anchorvale Drive S(544969),544969,www.moe.gov.sg/moekindergarten/,No,3/10/18,,,
KM0020,MOE Kindergarten @ Fernvale (Opening in 2019 -  KCare available),MOE,63153051,fernvale_ps@moe.edu.sg,Fernvale Primary School 1 Fernvale Lane S(797701),797701,www.moe.gov.sg/moekindergarten/,No,3/10/18,,,
KM0021,MOE Kindergarten @ Wellington (Opening in 2019 -  KCare available),MOE,67533319,wellingtonps@moe.edu.sg,Wellington Primary School 10 Wellington Circle S(757702),757702,www.moe.gov.sg/moekindergarten/,No,3/10/18,,,
KM0022,MOE Kindergarten @ Pei Tong (Opening in 2019 -  KCare available),MOE,67775458,ptps@moe.edu.sg,Pei Tong Primary School 15 Clementi Avenue 5 S(129857),129857,www.moe.gov.sg/moekindergarten/,No,3/10/18,,,
KM0023,MOE Kindergarten @ First Toa Payoh (Opening in 2019 -  KCare available),MOE,62567822,ftpps@moe.edu.sg,First Toa Payoh Primary School 7 Lorong 8 Toa Payoh S(319252),319252,www.moe.gov.sg/moekindergarten/,No,3/10/18,,,
KM0024,MOE Kindergarten @ Kranji (Opening in 2019 -  KCare available),MOE,67634812,kranji_ps@moe.edu.sg,Kranji Primary School 11 Choa Chu Kang Street 54 S(689189),689189,www.moe.gov.sg/moekindergarten/,No,3/10/18,,,
KM0025,MOE Kindergarten @ Fern Green (Opening in 2019 -  KCare available),MOE,68343100,ferngreen_ps@moe.edu.sg,Fern Green Primary School 70 Fernvale Link S(797538),797538,www.moe.gov.sg/moekindergarten/,No,3/10/18,,,